attack_type,pokemon_id,pokemon,def_type1,def_type2,gen1_multiplier,modern_multiplier,dual,differs
normal,1,bulbasaur,grass,poison,1,1,1,0
normal,2,ivysaur,grass,poison,1,1,1,0
normal,3,venusaur,grass,poison,1,1,1,0
normal,4,charmander,fire,,1,1,0,0
normal,5,charmeleon,fire,,1,1,0,0
normal,6,charizard,fire,flying,1,1,1,0
normal,7,squirtle,water,,1,1,0,0
normal,8,wartortle,water,,1,1,0,0
normal,9,blastoise,water,,1,1,0,0
normal,10,caterpie,bug,,1,1,0,0
normal,11,metapod,bug,,1,1,0,0
normal,12,butterfree,bug,flying,1,1,1,0
normal,13,weedle,bug,poison,1,1,1,0
normal,14,kakuna,bug,poison,1,1,1,0
normal,15,beedrill,bug,poison,1,1,1,0
normal,16,pidgey,normal,flying,1,1,1,0
normal,17,pidgeotto,normal,flying,1,1,1,0
normal,18,pidgeot,normal,flying,1,1,1,0
normal,19,rattata,normal,,1,1,0,0
normal,20,raticate,normal,,1,1,0,0
normal,21,spearow,normal,flying,1,1,1,0
normal,22,fearow,normal,flying,1,1,1,0
normal,23,ekans,poison,,1,1,0,0
normal,24,arbok,poison,,1,1,0,0
normal,25,pikachu,electric,,1,1,0,0
normal,26,raichu,electric,,1,1,0,0
normal,27,sandshrew,ground,,1,1,0,0
normal,28,sandslash,ground,,1,1,0,0
normal,29,nidoran-f,poison,,1,1,0,0
normal,30,nidorina,poison,,1,1,0,0
normal,31,nidoqueen,poison,ground,1,1,1,0
normal,32,nidoran-m,poison,,1,1,0,0
normal,33,nidorino,poison,,1,1,0,0
normal,34,nidoking,poison,ground,1,1,1,0
normal,35,clefairy,normal,,1,1,0,0
normal,36,clefable,normal,,1,1,0,0
normal,37,vulpix,fire,,1,1,0,0
normal,38,ninetales,fire,,1,1,0,0
normal,39,jigglypuff,normal,,1,1,0,0
normal,40,wigglytuff,normal,,1,1,0,0
normal,41,zubat,poison,flying,1,1,1,0
normal,42,golbat,poison,flying,1,1,1,0
normal,43,oddish,grass,poison,1,1,1,0
normal,44,gloom,grass,poison,1,1,1,0
normal,45,vileplume,grass,poison,1,1,1,0
normal,46,paras,bug,grass,1,1,1,0
normal,47,parasect,bug,grass,1,1,1,0
normal,48,venonat,bug,poison,1,1,1,0
normal,49,venomoth,bug,poison,1,1,1,0
normal,50,diglett,ground,,1,1,0,0
normal,51,dugtrio,ground,,1,1,0,0
normal,52,meowth,normal,,1,1,0,0
normal,53,persian,normal,,1,1,0,0
normal,54,psyduck,water,,1,1,0,0
normal,55,golduck,water,,1,1,0,0
normal,56,mankey,fighting,,1,1,0,0
normal,57,primeape,fighting,,1,1,0,0
normal,58,growlithe,fire,,1,1,0,0
normal,59,arcanine,fire,,1,1,0,0
normal,60,poliwag,water,,1,1,0,0
normal,61,poliwhirl,water,,1,1,0,0
normal,62,poliwrath,water,fighting,1,1,1,0
normal,63,abra,psychic,,1,1,0,0
normal,64,kadabra,psychic,,1,1,0,0
normal,65,alakazam,psychic,,1,1,0,0
normal,66,machop,fighting,,1,1,0,0
normal,67,machoke,fighting,,1,1,0,0
normal,68,machamp,fighting,,1,1,0,0
normal,69,bellsprout,grass,poison,1,1,1,0
normal,70,weepinbell,grass,poison,1,1,1,0
normal,71,victreebel,grass,poison,1,1,1,0
normal,72,tentacool,water,poison,1,1,1,0
normal,73,tentacruel,water,poison,1,1,1,0
normal,74,geodude,rock,ground,1/2,1/2,1,0
normal,75,graveler,rock,ground,1/2,1/2,1,0
normal,76,golem,rock,ground,1/2,1/2,1,0
normal,77,ponyta,fire,,1,1,0,0
normal,78,rapidash,fire,,1,1,0,0
normal,79,slowpoke,water,psychic,1,1,1,0
normal,80,slowbro,water,psychic,1,1,1,0
normal,81,magnemite,electric,,1,1,0,0
normal,82,magneton,electric,,1,1,0,0
normal,83,farfetchd,normal,flying,1,1,1,0
normal,84,doduo,normal,flying,1,1,1,0
normal,85,dodrio,normal,flying,1,1,1,0
normal,86,seel,water,,1,1,0,0
normal,87,dewgong,water,ice,1,1,1,0
normal,88,grimer,poison,,1,1,0,0
normal,89,muk,poison,,1,1,0,0
normal,90,shellder,water,,1,1,0,0
normal,91,cloyster,water,ice,1,1,1,0
normal,92,gastly,ghost,poison,0,0,1,0
normal,93,haunter,ghost,poison,0,0,1,0
normal,94,gengar,ghost,poison,0,0,1,0
normal,95,onix,rock,ground,1/2,1/2,1,0
normal,96,drowzee,psychic,,1,1,0,0
normal,97,hypno,psychic,,1,1,0,0
normal,98,krabby,water,,1,1,0,0
normal,99,kingler,water,,1,1,0,0
normal,100,voltorb,electric,,1,1,0,0
normal,101,electrode,electric,,1,1,0,0
normal,102,exeggcute,grass,psychic,1,1,1,0
normal,103,exeggutor,grass,psychic,1,1,1,0
normal,104,cubone,ground,,1,1,0,0
normal,105,marowak,ground,,1,1,0,0
normal,106,hitmonlee,fighting,,1,1,0,0
normal,107,hitmonchan,fighting,,1,1,0,0
normal,108,lickitung,normal,,1,1,0,0
normal,109,koffing,poison,,1,1,0,0
normal,110,weezing,poison,,1,1,0,0
normal,111,rhyhorn,ground,rock,1/2,1/2,1,0
normal,112,rhydon,ground,rock,1/2,1/2,1,0
normal,113,chansey,normal,,1,1,0,0
normal,114,tangela,grass,,1,1,0,0
normal,115,kangaskhan,normal,,1,1,0,0
normal,116,horsea,water,,1,1,0,0
normal,117,seadra,water,,1,1,0,0
normal,118,goldeen,water,,1,1,0,0
normal,119,seaking,water,,1,1,0,0
normal,120,staryu,water,,1,1,0,0
normal,121,starmie,water,psychic,1,1,1,0
normal,122,mr-mime,psychic,,1,1,0,0
normal,123,scyther,bug,flying,1,1,1,0
normal,124,jynx,ice,psychic,1,1,1,0
normal,125,electabuzz,electric,,1,1,0,0
normal,126,magmar,fire,,1,1,0,0
normal,127,pinsir,bug,,1,1,0,0
normal,128,tauros,normal,,1,1,0,0
normal,129,magikarp,water,,1,1,0,0
normal,130,gyarados,water,flying,1,1,1,0
normal,131,lapras,water,ice,1,1,1,0
normal,132,ditto,normal,,1,1,0,0
normal,133,eevee,normal,,1,1,0,0
normal,134,vaporeon,water,,1,1,0,0
normal,135,jolteon,electric,,1,1,0,0
normal,136,flareon,fire,,1,1,0,0
normal,137,porygon,normal,,1,1,0,0
normal,138,omanyte,rock,water,1/2,1/2,1,0
normal,139,omastar,rock,water,1/2,1/2,1,0
normal,140,kabuto,rock,water,1/2,1/2,1,0
normal,141,kabutops,rock,water,1/2,1/2,1,0
normal,142,aerodactyl,rock,flying,1/2,1/2,1,0
normal,143,snorlax,normal,,1,1,0,0
normal,144,articuno,ice,flying,1,1,1,0
normal,145,zapdos,electric,flying,1,1,1,0
normal,146,moltres,fire,flying,1,1,1,0
normal,147,dratini,dragon,,1,1,0,0
normal,148,dragonair,dragon,,1,1,0,0
normal,149,dragonite,dragon,flying,1,1,1,0
normal,150,mewtwo,psychic,,1,1,0,0
normal,151,mew,psychic,,1,1,0,0
fighting,1,bulbasaur,grass,poison,1/2,1/2,1,0
fighting,2,ivysaur,grass,poison,1/2,1/2,1,0
fighting,3,venusaur,grass,poison,1/2,1/2,1,0
fighting,4,charmander,fire,,1,1,0,0
fighting,5,charmeleon,fire,,1,1,0,0
fighting,6,charizard,fire,flying,1/2,1/2,1,0
fighting,7,squirtle,water,,1,1,0,0
fighting,8,wartortle,water,,1,1,0,0
fighting,9,blastoise,water,,1,1,0,0
fighting,10,caterpie,bug,,1/2,1/2,0,0
fighting,11,metapod,bug,,1/2,1/2,0,0
fighting,12,butterfree,bug,flying,1/4,1/4,1,0
fighting,13,weedle,bug,poison,1/4,1/4,1,0
fighting,14,kakuna,bug,poison,1/4,1/4,1,0
fighting,15,beedrill,bug,poison,1/4,1/4,1,0
fighting,16,pidgey,normal,flying,1,1,1,0
fighting,17,pidgeotto,normal,flying,1,1,1,0
fighting,18,pidgeot,normal,flying,1,1,1,0
fighting,19,rattata,normal,,2,2,0,0
fighting,20,raticate,normal,,2,2,0,0
fighting,21,spearow,normal,flying,1,1,1,0
fighting,22,fearow,normal,flying,1,1,1,0
fighting,23,ekans,poison,,1/2,1/2,0,0
fighting,24,arbok,poison,,1/2,1/2,0,0
fighting,25,pikachu,electric,,1,1,0,0
fighting,26,raichu,electric,,1,1,0,0
fighting,27,sandshrew,ground,,1,1,0,0
fighting,28,sandslash,ground,,1,1,0,0
fighting,29,nidoran-f,poison,,1/2,1/2,0,0
fighting,30,nidorina,poison,,1/2,1/2,0,0
fighting,31,nidoqueen,poison,ground,1/2,1/2,1,0
fighting,32,nidoran-m,poison,,1/2,1/2,0,0
fighting,33,nidorino,poison,,1/2,1/2,0,0
fighting,34,nidoking,poison,ground,1/2,1/2,1,0
fighting,35,clefairy,normal,,2,2,0,0
fighting,36,clefable,normal,,2,2,0,0
fighting,37,vulpix,fire,,1,1,0,0
fighting,38,ninetales,fire,,1,1,0,0
fighting,39,jigglypuff,normal,,2,2,0,0
fighting,40,wigglytuff,normal,,2,2,0,0
fighting,41,zubat,poison,flying,1/4,1/4,1,0
fighting,42,golbat,poison,flying,1/4,1/4,1,0
fighting,43,oddish,grass,poison,1/2,1/2,1,0
fighting,44,gloom,grass,poison,1/2,1/2,1,0
fighting,45,vileplume,grass,poison,1/2,1/2,1,0
fighting,46,paras,bug,grass,1/2,1/2,1,0
fighting,47,parasect,bug,grass,1/2,1/2,1,0
fighting,48,venonat,bug,poison,1/4,1/4,1,0
fighting,49,venomoth,bug,poison,1/4,1/4,1,0
fighting,50,diglett,ground,,1,1,0,0
fighting,51,dugtrio,ground,,1,1,0,0
fighting,52,meowth,normal,,2,2,0,0
fighting,53,persian,normal,,2,2,0,0
fighting,54,psyduck,water,,1,1,0,0
fighting,55,golduck,water,,1,1,0,0
fighting,56,mankey,fighting,,1,1,0,0
fighting,57,primeape,fighting,,1,1,0,0
fighting,58,growlithe,fire,,1,1,0,0
fighting,59,arcanine,fire,,1,1,0,0
fighting,60,poliwag,water,,1,1,0,0
fighting,61,poliwhirl,water,,1,1,0,0
fighting,62,poliwrath,water,fighting,1,1,1,0
fighting,63,abra,psychic,,1/2,1/2,0,0
fighting,64,kadabra,psychic,,1/2,1/2,0,0
fighting,65,alakazam,psychic,,1/2,1/2,0,0
fighting,66,machop,fighting,,1,1,0,0
fighting,67,machoke,fighting,,1,1,0,0
fighting,68,machamp,fighting,,1,1,0,0
fighting,69,bellsprout,grass,poison,1/2,1/2,1,0
fighting,70,weepinbell,grass,poison,1/2,1/2,1,0
fighting,71,victreebel,grass,poison,1/2,1/2,1,0
fighting,72,tentacool,water,poison,1/2,1/2,1,0
fighting,73,tentacruel,water,poison,1/2,1/2,1,0
fighting,74,geodude,rock,ground,2,2,1,0
fighting,75,graveler,rock,ground,2,2,1,0
fighting,76,golem,rock,ground,2,2,1,0
fighting,77,ponyta,fire,,1,1,0,0
fighting,78,rapidash,fire,,1,1,0,0
fighting,79,slowpoke,water,psychic,1/2,1/2,1,0
fighting,80,slowbro,water,psychic,1/2,1/2,1,0
fighting,81,magnemite,electric,,1,1,0,0
fighting,82,magneton,electric,,1,1,0,0
fighting,83,farfetchd,normal,flying,1,1,1,0
fighting,84,doduo,normal,flying,1,1,1,0
fighting,85,dodrio,normal,flying,1,1,1,0
fighting,86,seel,water,,1,1,0,0
fighting,87,dewgong,water,ice,2,2,1,0
fighting,88,grimer,poison,,1/2,1/2,0,0
fighting,89,muk,poison,,1/2,1/2,0,0
fighting,90,shellder,water,,1,1,0,0
fighting,91,cloyster,water,ice,2,2,1,0
fighting,92,gastly,ghost,poison,0,0,1,0
fighting,93,haunter,ghost,poison,0,0,1,0
fighting,94,gengar,ghost,poison,0,0,1,0
fighting,95,onix,rock,ground,2,2,1,0
fighting,96,drowzee,psychic,,1/2,1/2,0,0
fighting,97,hypno,psychic,,1/2,1/2,0,0
fighting,98,krabby,water,,1,1,0,0
fighting,99,kingler,water,,1,1,0,0
fighting,100,voltorb,electric,,1,1,0,0
fighting,101,electrode,electric,,1,1,0,0
fighting,102,exeggcute,grass,psychic,1/2,1/2,1,0
fighting,103,exeggutor,grass,psychic,1/2,1/2,1,0
fighting,104,cubone,ground,,1,1,0,0
fighting,105,marowak,ground,,1,1,0,0
fighting,106,hitmonlee,fighting,,1,1,0,0
fighting,107,hitmonchan,fighting,,1,1,0,0
fighting,108,lickitung,normal,,2,2,0,0
fighting,109,koffing,poison,,1/2,1/2,0,0
fighting,110,weezing,poison,,1/2,1/2,0,0
fighting,111,rhyhorn,ground,rock,2,2,1,0
fighting,112,rhydon,ground,rock,2,2,1,0
fighting,113,chansey,normal,,2,2,0,0
fighting,114,tangela,grass,,1,1,0,0
fighting,115,kangaskhan,normal,,2,2,0,0
fighting,116,horsea,water,,1,1,0,0
fighting,117,seadra,water,,1,1,0,0
fighting,118,goldeen,water,,1,1,0,0
fighting,119,seaking,water,,1,1,0,0
fighting,120,staryu,water,,1,1,0,0
fighting,121,starmie,water,psychic,1/2,1/2,1,0
fighting,122,mr-mime,psychic,,1/2,1/2,0,0
fighting,123,scyther,bug,flying,1/4,1/4,1,0
fighting,124,jynx,ice,psychic,1,1,1,0
fighting,125,electabuzz,electric,,1,1,0,0
fighting,126,magmar,fire,,1,1,0,0
fighting,127,pinsir,bug,,1/2,1/2,0,0
fighting,128,tauros,normal,,2,2,0,0
fighting,129,magikarp,water,,1,1,0,0
fighting,130,gyarados,water,flying,1/2,1/2,1,0
fighting,131,lapras,water,ice,2,2,1,0
fighting,132,ditto,normal,,2,2,0,0
fighting,133,eevee,normal,,2,2,0,0
fighting,134,vaporeon,water,,1,1,0,0
fighting,135,jolteon,electric,,1,1,0,0
fighting,136,flareon,fire,,1,1,0,0
fighting,137,porygon,normal,,2,2,0,0
fighting,138,omanyte,rock,water,2,2,1,0
fighting,139,omastar,rock,water,2,2,1,0
fighting,140,kabuto,rock,water,2,2,1,0
fighting,141,kabutops,rock,water,2,2,1,0
fighting,142,aerodactyl,rock,flying,1,1,1,0
fighting,143,snorlax,normal,,2,2,0,0
fighting,144,articuno,ice,flying,1,1,1,0
fighting,145,zapdos,electric,flying,1/2,1/2,1,0
fighting,146,moltres,fire,flying,1/2,1/2,1,0
fighting,147,dratini,dragon,,1,1,0,0
fighting,148,dragonair,dragon,,1,1,0,0
fighting,149,dragonite,dragon,flying,1/2,1/2,1,0
fighting,150,mewtwo,psychic,,1/2,1/2,0,0
fighting,151,mew,psychic,,1/2,1/2,0,0
flying,1,bulbasaur,grass,poison,2,2,1,0
flying,2,ivysaur,grass,poison,2,2,1,0
flying,3,venusaur,grass,poison,2,2,1,0
flying,4,charmander,fire,,1,1,0,0
flying,5,charmeleon,fire,,1,1,0,0
flying,6,charizard,fire,flying,1,1,1,0
flying,7,squirtle,water,,1,1,0,0
flying,8,wartortle,water,,1,1,0,0
flying,9,blastoise,water,,1,1,0,0
flying,10,caterpie,bug,,2,2,0,0
flying,11,metapod,bug,,2,2,0,0
flying,12,butterfree,bug,flying,2,2,1,0
flying,13,weedle,bug,poison,2,2,1,0
flying,14,kakuna,bug,poison,2,2,1,0
flying,15,beedrill,bug,poison,2,2,1,0
flying,16,pidgey,normal,flying,1,1,1,0
flying,17,pidgeotto,normal,flying,1,1,1,0
flying,18,pidgeot,normal,flying,1,1,1,0
flying,19,rattata,normal,,1,1,0,0
flying,20,raticate,normal,,1,1,0,0
flying,21,spearow,normal,flying,1,1,1,0
flying,22,fearow,normal,flying,1,1,1,0
flying,23,ekans,poison,,1,1,0,0
flying,24,arbok,poison,,1,1,0,0
flying,25,pikachu,electric,,1/2,1/2,0,0
flying,26,raichu,electric,,1/2,1/2,0,0
flying,27,sandshrew,ground,,1,1,0,0
flying,28,sandslash,ground,,1,1,0,0
flying,29,nidoran-f,poison,,1,1,0,0
flying,30,nidorina,poison,,1,1,0,0
flying,31,nidoqueen,poison,ground,1,1,1,0
flying,32,nidoran-m,poison,,1,1,0,0
flying,33,nidorino,poison,,1,1,0,0
flying,34,nidoking,poison,ground,1,1,1,0
flying,35,clefairy,normal,,1,1,0,0
flying,36,clefable,normal,,1,1,0,0
flying,37,vulpix,fire,,1,1,0,0
flying,38,ninetales,fire,,1,1,0,0
flying,39,jigglypuff,normal,,1,1,0,0
flying,40,wigglytuff,normal,,1,1,0,0
flying,41,zubat,poison,flying,1,1,1,0
flying,42,golbat,poison,flying,1,1,1,0
flying,43,oddish,grass,poison,2,2,1,0
flying,44,gloom,grass,poison,2,2,1,0
flying,45,vileplume,grass,poison,2,2,1,0
flying,46,paras,bug,grass,4,4,1,0
flying,47,parasect,bug,grass,4,4,1,0
flying,48,venonat,bug,poison,2,2,1,0
flying,49,venomoth,bug,poison,2,2,1,0
flying,50,diglett,ground,,1,1,0,0
flying,51,dugtrio,ground,,1,1,0,0
flying,52,meowth,normal,,1,1,0,0
flying,53,persian,normal,,1,1,0,0
flying,54,psyduck,water,,1,1,0,0
flying,55,golduck,water,,1,1,0,0
flying,56,mankey,fighting,,2,2,0,0
flying,57,primeape,fighting,,2,2,0,0
flying,58,growlithe,fire,,1,1,0,0
flying,59,arcanine,fire,,1,1,0,0
flying,60,poliwag,water,,1,1,0,0
flying,61,poliwhirl,water,,1,1,0,0
flying,62,poliwrath,water,fighting,2,2,1,0
flying,63,abra,psychic,,1,1,0,0
flying,64,kadabra,psychic,,1,1,0,0
flying,65,alakazam,psychic,,1,1,0,0
flying,66,machop,fighting,,2,2,0,0
flying,67,machoke,fighting,,2,2,0,0
flying,68,machamp,fighting,,2,2,0,0
flying,69,bellsprout,grass,poison,2,2,1,0
flying,70,weepinbell,grass,poison,2,2,1,0
flying,71,victreebel,grass,poison,2,2,1,0
flying,72,tentacool,water,poison,1,1,1,0
flying,73,tentacruel,water,poison,1,1,1,0
flying,74,geodude,rock,ground,1/2,1/2,1,0
flying,75,graveler,rock,ground,1/2,1/2,1,0
flying,76,golem,rock,ground,1/2,1/2,1,0
flying,77,ponyta,fire,,1,1,0,0
flying,78,rapidash,fire,,1,1,0,0
flying,79,slowpoke,water,psychic,1,1,1,0
flying,80,slowbro,water,psychic,1,1,1,0
flying,81,magnemite,electric,,1/2,1/2,0,0
flying,82,magneton,electric,,1/2,1/2,0,0
flying,83,farfetchd,normal,flying,1,1,1,0
flying,84,doduo,normal,flying,1,1,1,0
flying,85,dodrio,normal,flying,1,1,1,0
flying,86,seel,water,,1,1,0,0
flying,87,dewgong,water,ice,1,1,1,0
flying,88,grimer,poison,,1,1,0,0
flying,89,muk,poison,,1,1,0,0
flying,90,shellder,water,,1,1,0,0
flying,91,cloyster,water,ice,1,1,1,0
flying,92,gastly,ghost,poison,1,1,1,0
flying,93,haunter,ghost,poison,1,1,1,0
flying,94,gengar,ghost,poison,1,1,1,0
flying,95,onix,rock,ground,1/2,1/2,1,0
flying,96,drowzee,psychic,,1,1,0,0
flying,97,hypno,psychic,,1,1,0,0
flying,98,krabby,water,,1,1,0,0
flying,99,kingler,water,,1,1,0,0
flying,100,voltorb,electric,,1/2,1/2,0,0
flying,101,electrode,electric,,1/2,1/2,0,0
flying,102,exeggcute,grass,psychic,2,2,1,0
flying,103,exeggutor,grass,psychic,2,2,1,0
flying,104,cubone,ground,,1,1,0,0
flying,105,marowak,ground,,1,1,0,0
flying,106,hitmonlee,fighting,,2,2,0,0
flying,107,hitmonchan,fighting,,2,2,0,0
flying,108,lickitung,normal,,1,1,0,0
flying,109,koffing,poison,,1,1,0,0
flying,110,weezing,poison,,1,1,0,0
flying,111,rhyhorn,ground,rock,1/2,1/2,1,0
flying,112,rhydon,ground,rock,1/2,1/2,1,0
flying,113,chansey,normal,,1,1,0,0
flying,114,tangela,grass,,2,2,0,0
flying,115,kangaskhan,normal,,1,1,0,0
flying,116,horsea,water,,1,1,0,0
flying,117,seadra,water,,1,1,0,0
flying,118,goldeen,water,,1,1,0,0
flying,119,seaking,water,,1,1,0,0
flying,120,staryu,water,,1,1,0,0
flying,121,starmie,water,psychic,1,1,1,0
flying,122,mr-mime,psychic,,1,1,0,0
flying,123,scyther,bug,flying,2,2,1,0
flying,124,jynx,ice,psychic,1,1,1,0
flying,125,electabuzz,electric,,1/2,1/2,0,0
flying,126,magmar,fire,,1,1,0,0
flying,127,pinsir,bug,,2,2,0,0
flying,128,tauros,normal,,1,1,0,0
flying,129,magikarp,water,,1,1,0,0
flying,130,gyarados,water,flying,1,1,1,0
flying,131,lapras,water,ice,1,1,1,0
flying,132,ditto,normal,,1,1,0,0
flying,133,eevee,normal,,1,1,0,0
flying,134,vaporeon,water,,1,1,0,0
flying,135,jolteon,electric,,1/2,1/2,0,0
flying,136,flareon,fire,,1,1,0,0
flying,137,porygon,normal,,1,1,0,0
flying,138,omanyte,rock,water,1/2,1/2,1,0
flying,139,omastar,rock,water,1/2,1/2,1,0
flying,140,kabuto,rock,water,1/2,1/2,1,0
flying,141,kabutops,rock,water,1/2,1/2,1,0
flying,142,aerodactyl,rock,flying,1/2,1/2,1,0
flying,143,snorlax,normal,,1,1,0,0
flying,144,articuno,ice,flying,1,1,1,0
flying,145,zapdos,electric,flying,1/2,1/2,1,0
flying,146,moltres,fire,flying,1,1,1,0
flying,147,dratini,dragon,,1,1,0,0
flying,148,dragonair,dragon,,1,1,0,0
flying,149,dragonite,dragon,flying,1,1,1,0
flying,150,mewtwo,psychic,,1,1,0,0
flying,151,mew,psychic,,1,1,0,0
poison,1,bulbasaur,grass,poison,1,1,1,0
poison,2,ivysaur,grass,poison,1,1,1,0
poison,3,venusaur,grass,poison,1,1,1,0
poison,4,charmander,fire,,1,1,0,0
poison,5,charmeleon,fire,,1,1,0,0
poison,6,charizard,fire,flying,1,1,1,0
poison,7,squirtle,water,,1,1,0,0
poison,8,wartortle,water,,1,1,0,0
poison,9,blastoise,water,,1,1,0,0
poison,10,caterpie,bug,,2,1,0,1
poison,11,metapod,bug,,2,1,0,1
poison,12,butterfree,bug,flying,2,1,1,1
poison,13,weedle,bug,poison,1,1/2,1,1
poison,14,kakuna,bug,poison,1,1/2,1,1
poison,15,beedrill,bug,poison,1,1/2,1,1
poison,16,pidgey,normal,flying,1,1,1,0
poison,17,pidgeotto,normal,flying,1,1,1,0
poison,18,pidgeot,normal,flying,1,1,1,0
poison,19,rattata,normal,,1,1,0,0
poison,20,raticate,normal,,1,1,0,0
poison,21,spearow,normal,flying,1,1,1,0
poison,22,fearow,normal,flying,1,1,1,0
poison,23,ekans,poison,,1/2,1/2,0,0
poison,24,arbok,poison,,1/2,1/2,0,0
poison,25,pikachu,electric,,1,1,0,0
poison,26,raichu,electric,,1,1,0,0
poison,27,sandshrew,ground,,1/2,1/2,0,0
poison,28,sandslash,ground,,1/2,1/2,0,0
poison,29,nidoran-f,poison,,1/2,1/2,0,0
poison,30,nidorina,poison,,1/2,1/2,0,0
poison,31,nidoqueen,poison,ground,1/4,1/4,1,0
poison,32,nidoran-m,poison,,1/2,1/2,0,0
poison,33,nidorino,poison,,1/2,1/2,0,0
poison,34,nidoking,poison,ground,1/4,1/4,1,0
poison,35,clefairy,normal,,1,1,0,0
poison,36,clefable,normal,,1,1,0,0
poison,37,vulpix,fire,,1,1,0,0
poison,38,ninetales,fire,,1,1,0,0
poison,39,jigglypuff,normal,,1,1,0,0
poison,40,wigglytuff,normal,,1,1,0,0
poison,41,zubat,poison,flying,1/2,1/2,1,0
poison,42,golbat,poison,flying,1/2,1/2,1,0
poison,43,oddish,grass,poison,1,1,1,0
poison,44,gloom,grass,poison,1,1,1,0
poison,45,vileplume,grass,poison,1,1,1,0
poison,46,paras,bug,grass,4,2,1,1
poison,47,parasect,bug,grass,4,2,1,1
poison,48,venonat,bug,poison,1,1/2,1,1
poison,49,venomoth,bug,poison,1,1/2,1,1
poison,50,diglett,ground,,1/2,1/2,0,0
poison,51,dugtrio,ground,,1/2,1/2,0,0
poison,52,meowth,normal,,1,1,0,0
poison,53,persian,normal,,1,1,0,0
poison,54,psyduck,water,,1,1,0,0
poison,55,golduck,water,,1,1,0,0
poison,56,mankey,fighting,,1,1,0,0
poison,57,primeape,fighting,,1,1,0,0
poison,58,growlithe,fire,,1,1,0,0
poison,59,arcanine,fire,,1,1,0,0
poison,60,poliwag,water,,1,1,0,0
poison,61,poliwhirl,water,,1,1,0,0
poison,62,poliwrath,water,fighting,1,1,1,0
poison,63,abra,psychic,,1,1,0,0
poison,64,kadabra,psychic,,1,1,0,0
poison,65,alakazam,psychic,,1,1,0,0
poison,66,machop,fighting,,1,1,0,0
poison,67,machoke,fighting,,1,1,0,0
poison,68,machamp,fighting,,1,1,0,0
poison,69,bellsprout,grass,poison,1,1,1,0
poison,70,weepinbell,grass,poison,1,1,1,0
poison,71,victreebel,grass,poison,1,1,1,0
poison,72,tentacool,water,poison,1/2,1/2,1,0
poison,73,tentacruel,water,poison,1/2,1/2,1,0
poison,74,geodude,rock,ground,1/4,1/4,1,0
poison,75,graveler,rock,ground,1/4,1/4,1,0
poison,76,golem,rock,ground,1/4,1/4,1,0
poison,77,ponyta,fire,,1,1,0,0
poison,78,rapidash,fire,,1,1,0,0
poison,79,slowpoke,water,psychic,1,1,1,0
poison,80,slowbro,water,psychic,1,1,1,0
poison,81,magnemite,electric,,1,1,0,0
poison,82,magneton,electric,,1,1,0,0
poison,83,farfetchd,normal,flying,1,1,1,0
poison,84,doduo,normal,flying,1,1,1,0
poison,85,dodrio,normal,flying,1,1,1,0
poison,86,seel,water,,1,1,0,0
poison,87,dewgong,water,ice,1,1,1,0
poison,88,grimer,poison,,1/2,1/2,0,0
poison,89,muk,poison,,1/2,1/2,0,0
poison,90,shellder,water,,1,1,0,0
poison,91,cloyster,water,ice,1,1,1,0
poison,92,gastly,ghost,poison,1/4,1/4,1,0
poison,93,haunter,ghost,poison,1/4,1/4,1,0
poison,94,gengar,ghost,poison,1/4,1/4,1,0
poison,95,onix,rock,ground,1/4,1/4,1,0
poison,96,drowzee,psychic,,1,1,0,0
poison,97,hypno,psychic,,1,1,0,0
poison,98,krabby,water,,1,1,0,0
poison,99,kingler,water,,1,1,0,0
poison,100,voltorb,electric,,1,1,0,0
poison,101,electrode,electric,,1,1,0,0
poison,102,exeggcute,grass,psychic,2,2,1,0
poison,103,exeggutor,grass,psychic,2,2,1,0
poison,104,cubone,ground,,1/2,1/2,0,0
poison,105,marowak,ground,,1/2,1/2,0,0
poison,106,hitmonlee,fighting,,1,1,0,0
poison,107,hitmonchan,fighting,,1,1,0,0
poison,108,lickitung,normal,,1,1,0,0
poison,109,koffing,poison,,1/2,1/2,0,0
poison,110,weezing,poison,,1/2,1/2,0,0
poison,111,rhyhorn,ground,rock,1/4,1/4,1,0
poison,112,rhydon,ground,rock,1/4,1/4,1,0
poison,113,chansey,normal,,1,1,0,0
poison,114,tangela,grass,,2,2,0,0
poison,115,kangaskhan,normal,,1,1,0,0
poison,116,horsea,water,,1,1,0,0
poison,117,seadra,water,,1,1,0,0
poison,118,goldeen,water,,1,1,0,0
poison,119,seaking,water,,1,1,0,0
poison,120,staryu,water,,1,1,0,0
poison,121,starmie,water,psychic,1,1,1,0
poison,122,mr-mime,psychic,,1,1,0,0
poison,123,scyther,bug,flying,2,1,1,1
poison,124,jynx,ice,psychic,1,1,1,0
poison,125,electabuzz,electric,,1,1,0,0
poison,126,magmar,fire,,1,1,0,0
poison,127,pinsir,bug,,2,1,0,1
poison,128,tauros,normal,,1,1,0,0
poison,129,magikarp,water,,1,1,0,0
poison,130,gyarados,water,flying,1,1,1,0
poison,131,lapras,water,ice,1,1,1,0
poison,132,ditto,normal,,1,1,0,0
poison,133,eevee,normal,,1,1,0,0
poison,134,vaporeon,water,,1,1,0,0
poison,135,jolteon,electric,,1,1,0,0
poison,136,flareon,fire,,1,1,0,0
poison,137,porygon,normal,,1,1,0,0
poison,138,omanyte,rock,water,1/2,1/2,1,0
poison,139,omastar,rock,water,1/2,1/2,1,0
poison,140,kabuto,rock,water,1/2,1/2,1,0
poison,141,kabutops,rock,water,1/2,1/2,1,0
poison,142,aerodactyl,rock,flying,1/2,1/2,1,0
poison,143,snorlax,normal,,1,1,0,0
poison,144,articuno,ice,flying,1,1,1,0
poison,145,zapdos,electric,flying,1,1,1,0
poison,146,moltres,fire,flying,1,1,1,0
poison,147,dratini,dragon,,1,1,0,0
poison,148,dragonair,dragon,,1,1,0,0
poison,149,dragonite,dragon,flying,1,1,1,0
poison,150,mewtwo,psychic,,1,1,0,0
poison,151,mew,psychic,,1,1,0,0
ground,1,bulbasaur,grass,poison,1,1,1,0
ground,2,ivysaur,grass,poison,1,1,1,0
ground,3,venusaur,grass,poison,1,1,1,0
ground,4,charmander,fire,,2,2,0,0
ground,5,charmeleon,fire,,2,2,0,0
ground,6,charizard,fire,flying,0,0,1,0
ground,7,squirtle,water,,1,1,0,0
ground,8,wartortle,water,,1,1,0,0
ground,9,blastoise,water,,1,1,0,0
ground,10,caterpie,bug,,1/2,1/2,0,0
ground,11,metapod,bug,,1/2,1/2,0,0
ground,12,butterfree,bug,flying,0,0,1,0
ground,13,weedle,bug,poison,1,1,1,0
ground,14,kakuna,bug,poison,1,1,1,0
ground,15,beedrill,bug,poison,1,1,1,0
ground,16,pidgey,normal,flying,0,0,1,0
ground,17,pidgeotto,normal,flying,0,0,1,0
ground,18,pidgeot,normal,flying,0,0,1,0
ground,19,rattata,normal,,1,1,0,0
ground,20,raticate,normal,,1,1,0,0
ground,21,spearow,normal,flying,0,0,1,0
ground,22,fearow,normal,flying,0,0,1,0
ground,23,ekans,poison,,2,2,0,0
ground,24,arbok,poison,,2,2,0,0
ground,25,pikachu,electric,,2,2,0,0
ground,26,raichu,electric,,2,2,0,0
ground,27,sandshrew,ground,,1,1,0,0
ground,28,sandslash,ground,,1,1,0,0
ground,29,nidoran-f,poison,,2,2,0,0
ground,30,nidorina,poison,,2,2,0,0
ground,31,nidoqueen,poison,ground,2,2,1,0
ground,32,nidoran-m,poison,,2,2,0,0
ground,33,nidorino,poison,,2,2,0,0
ground,34,nidoking,poison,ground,2,2,1,0
ground,35,clefairy,normal,,1,1,0,0
ground,36,clefable,normal,,1,1,0,0
ground,37,vulpix,fire,,2,2,0,0
ground,38,ninetales,fire,,2,2,0,0
ground,39,jigglypuff,normal,,1,1,0,0
ground,40,wigglytuff,normal,,1,1,0,0
ground,41,zubat,poison,flying,0,0,1,0
ground,42,golbat,poison,flying,0,0,1,0
ground,43,oddish,grass,poison,1,1,1,0
ground,44,gloom,grass,poison,1,1,1,0
ground,45,vileplume,grass,poison,1,1,1,0
ground,46,paras,bug,grass,1/4,1/4,1,0
ground,47,parasect,bug,grass,1/4,1/4,1,0
ground,48,venonat,bug,poison,1,1,1,0
ground,49,venomoth,bug,poison,1,1,1,0
ground,50,diglett,ground,,1,1,0,0
ground,51,dugtrio,ground,,1,1,0,0
ground,52,meowth,normal,,1,1,0,0
ground,53,persian,normal,,1,1,0,0
ground,54,psyduck,water,,1,1,0,0
ground,55,golduck,water,,1,1,0,0
ground,56,mankey,fighting,,1,1,0,0
ground,57,primeape,fighting,,1,1,0,0
ground,58,growlithe,fire,,2,2,0,0
ground,59,arcanine,fire,,2,2,0,0
ground,60,poliwag,water,,1,1,0,0
ground,61,poliwhirl,water,,1,1,0,0
ground,62,poliwrath,water,fighting,1,1,1,0
ground,63,abra,psychic,,1,1,0,0
ground,64,kadabra,psychic,,1,1,0,0
ground,65,alakazam,psychic,,1,1,0,0
ground,66,machop,fighting,,1,1,0,0
ground,67,machoke,fighting,,1,1,0,0
ground,68,machamp,fighting,,1,1,0,0
ground,69,bellsprout,grass,poison,1,1,1,0
ground,70,weepinbell,grass,poison,1,1,1,0
ground,71,victreebel,grass,poison,1,1,1,0
ground,72,tentacool,water,poison,2,2,1,0
ground,73,tentacruel,water,poison,2,2,1,0
ground,74,geodude,rock,ground,2,2,1,0
ground,75,graveler,rock,ground,2,2,1,0
ground,76,golem,rock,ground,2,2,1,0
ground,77,ponyta,fire,,2,2,0,0
ground,78,rapidash,fire,,2,2,0,0
ground,79,slowpoke,water,psychic,1,1,1,0
ground,80,slowbro,water,psychic,1,1,1,0
ground,81,magnemite,electric,,2,2,0,0
ground,82,magneton,electric,,2,2,0,0
ground,83,farfetchd,normal,flying,0,0,1,0
ground,84,doduo,normal,flying,0,0,1,0
ground,85,dodrio,normal,flying,0,0,1,0
ground,86,seel,water,,1,1,0,0
ground,87,dewgong,water,ice,1,1,1,0
ground,88,grimer,poison,,2,2,0,0
ground,89,muk,poison,,2,2,0,0
ground,90,shellder,water,,1,1,0,0
ground,91,cloyster,water,ice,1,1,1,0
ground,92,gastly,ghost,poison,2,2,1,0
ground,93,haunter,ghost,poison,2,2,1,0
ground,94,gengar,ghost,poison,2,2,1,0
ground,95,onix,rock,ground,2,2,1,0
ground,96,drowzee,psychic,,1,1,0,0
ground,97,hypno,psychic,,1,1,0,0
ground,98,krabby,water,,1,1,0,0
ground,99,kingler,water,,1,1,0,0
ground,100,voltorb,electric,,2,2,0,0
ground,101,electrode,electric,,2,2,0,0
ground,102,exeggcute,grass,psychic,1/2,1/2,1,0
ground,103,exeggutor,grass,psychic,1/2,1/2,1,0
ground,104,cubone,ground,,1,1,0,0
ground,105,marowak,ground,,1,1,0,0
ground,106,hitmonlee,fighting,,1,1,0,0
ground,107,hitmonchan,fighting,,1,1,0,0
ground,108,lickitung,normal,,1,1,0,0
ground,109,koffing,poison,,2,2,0,0
ground,110,weezing,poison,,2,2,0,0
ground,111,rhyhorn,ground,rock,2,2,1,0
ground,112,rhydon,ground,rock,2,2,1,0
ground,113,chansey,normal,,1,1,0,0
ground,114,tangela,grass,,1/2,1/2,0,0
ground,115,kangaskhan,normal,,1,1,0,0
ground,116,horsea,water,,1,1,0,0
ground,117,seadra,water,,1,1,0,0
ground,118,goldeen,water,,1,1,0,0
ground,119,seaking,water,,1,1,0,0
ground,120,staryu,water,,1,1,0,0
ground,121,starmie,water,psychic,1,1,1,0
ground,122,mr-mime,psychic,,1,1,0,0
ground,123,scyther,bug,flying,0,0,1,0
ground,124,jynx,ice,psychic,1,1,1,0
ground,125,electabuzz,electric,,2,2,0,0
ground,126,magmar,fire,,2,2,0,0
ground,127,pinsir,bug,,1/2,1/2,0,0
ground,128,tauros,normal,,1,1,0,0
ground,129,magikarp,water,,1,1,0,0
ground,130,gyarados,water,flying,0,0,1,0
ground,131,lapras,water,ice,1,1,1,0
ground,132,ditto,normal,,1,1,0,0
ground,133,eevee,normal,,1,1,0,0
ground,134,vaporeon,water,,1,1,0,0
ground,135,jolteon,electric,,2,2,0,0
ground,136,flareon,fire,,2,2,0,0
ground,137,porygon,normal,,1,1,0,0
ground,138,omanyte,rock,water,2,2,1,0
ground,139,omastar,rock,water,2,2,1,0
ground,140,kabuto,rock,water,2,2,1,0
ground,141,kabutops,rock,water,2,2,1,0
ground,142,aerodactyl,rock,flying,0,0,1,0
ground,143,snorlax,normal,,1,1,0,0
ground,144,articuno,ice,flying,0,0,1,0
ground,145,zapdos,electric,flying,0,0,1,0
ground,146,moltres,fire,flying,0,0,1,0
ground,147,dratini,dragon,,1,1,0,0
ground,148,dragonair,dragon,,1,1,0,0
ground,149,dragonite,dragon,flying,0,0,1,0
ground,150,mewtwo,psychic,,1,1,0,0
ground,151,mew,psychic,,1,1,0,0
rock,1,bulbasaur,grass,poison,1,1,1,0
rock,2,ivysaur,grass,poison,1,1,1,0
rock,3,venusaur,grass,poison,1,1,1,0
rock,4,charmander,fire,,2,2,0,0
rock,5,charmeleon,fire,,2,2,0,0
rock,6,charizard,fire,flying,4,4,1,0
rock,7,squirtle,water,,1,1,0,0
rock,8,wartortle,water,,1,1,0,0
rock,9,blastoise,water,,1,1,0,0
rock,10,caterpie,bug,,2,2,0,0
rock,11,metapod,bug,,2,2,0,0
rock,12,butterfree,bug,flying,4,4,1,0
rock,13,weedle,bug,poison,2,2,1,0
rock,14,kakuna,bug,poison,2,2,1,0
rock,15,beedrill,bug,poison,2,2,1,0
rock,16,pidgey,normal,flying,2,2,1,0
rock,17,pidgeotto,normal,flying,2,2,1,0
rock,18,pidgeot,normal,flying,2,2,1,0
rock,19,rattata,normal,,1,1,0,0
rock,20,raticate,normal,,1,1,0,0
rock,21,spearow,normal,flying,2,2,1,0
rock,22,fearow,normal,flying,2,2,1,0
rock,23,ekans,poison,,1,1,0,0
rock,24,arbok,poison,,1,1,0,0
rock,25,pikachu,electric,,1,1,0,0
rock,26,raichu,electric,,1,1,0,0
rock,27,sandshrew,ground,,1/2,1/2,0,0
rock,28,sandslash,ground,,1/2,1/2,0,0
rock,29,nidoran-f,poison,,1,1,0,0
rock,30,nidorina,poison,,1,1,0,0
rock,31,nidoqueen,poison,ground,1/2,1/2,1,0
rock,32,nidoran-m,poison,,1,1,0,0
rock,33,nidorino,poison,,1,1,0,0
rock,34,nidoking,poison,ground,1/2,1/2,1,0
rock,35,clefairy,normal,,1,1,0,0
rock,36,clefable,normal,,1,1,0,0
rock,37,vulpix,fire,,2,2,0,0
rock,38,ninetales,fire,,2,2,0,0
rock,39,jigglypuff,normal,,1,1,0,0
rock,40,wigglytuff,normal,,1,1,0,0
rock,41,zubat,poison,flying,2,2,1,0
rock,42,golbat,poison,flying,2,2,1,0
rock,43,oddish,grass,poison,1,1,1,0
rock,44,gloom,grass,poison,1,1,1,0
rock,45,vileplume,grass,poison,1,1,1,0
rock,46,paras,bug,grass,2,2,1,0
rock,47,parasect,bug,grass,2,2,1,0
rock,48,venonat,bug,poison,2,2,1,0
rock,49,venomoth,bug,poison,2,2,1,0
rock,50,diglett,ground,,1/2,1/2,0,0
rock,51,dugtrio,ground,,1/2,1/2,0,0
rock,52,meowth,normal,,1,1,0,0
rock,53,persian,normal,,1,1,0,0
rock,54,psyduck,water,,1,1,0,0
rock,55,golduck,water,,1,1,0,0
rock,56,mankey,fighting,,1/2,1/2,0,0
rock,57,primeape,fighting,,1/2,1/2,0,0
rock,58,growlithe,fire,,2,2,0,0
rock,59,arcanine,fire,,2,2,0,0
rock,60,poliwag,water,,1,1,0,0
rock,61,poliwhirl,water,,1,1,0,0
rock,62,poliwrath,water,fighting,1/2,1/2,1,0
rock,63,abra,psychic,,1,1,0,0
rock,64,kadabra,psychic,,1,1,0,0
rock,65,alakazam,psychic,,1,1,0,0
rock,66,machop,fighting,,1/2,1/2,0,0
rock,67,machoke,fighting,,1/2,1/2,0,0
rock,68,machamp,fighting,,1/2,1/2,0,0
rock,69,bellsprout,grass,poison,1,1,1,0
rock,70,weepinbell,grass,poison,1,1,1,0
rock,71,victreebel,grass,poison,1,1,1,0
rock,72,tentacool,water,poison,1,1,1,0
rock,73,tentacruel,water,poison,1,1,1,0
rock,74,geodude,rock,ground,1/2,1/2,1,0
rock,75,graveler,rock,ground,1/2,1/2,1,0
rock,76,golem,rock,ground,1/2,1/2,1,0
rock,77,ponyta,fire,,2,2,0,0
rock,78,rapidash,fire,,2,2,0,0
rock,79,slowpoke,water,psychic,1,1,1,0
rock,80,slowbro,water,psychic,1,1,1,0
rock,81,magnemite,electric,,1,1,0,0
rock,82,magneton,electric,,1,1,0,0
rock,83,farfetchd,normal,flying,2,2,1,0
rock,84,doduo,normal,flying,2,2,1,0
rock,85,dodrio,normal,flying,2,2,1,0
rock,86,seel,water,,1,1,0,0
rock,87,dewgong,water,ice,2,2,1,0
rock,88,grimer,poison,,1,1,0,0
rock,89,muk,poison,,1,1,0,0
rock,90,shellder,water,,1,1,0,0
rock,91,cloyster,water,ice,2,2,1,0
rock,92,gastly,ghost,poison,1,1,1,0
rock,93,haunter,ghost,poison,1,1,1,0
rock,94,gengar,ghost,poison,1,1,1,0
rock,95,onix,rock,ground,1/2,1/2,1,0
rock,96,drowzee,psychic,,1,1,0,0
rock,97,hypno,psychic,,1,1,0,0
rock,98,krabby,water,,1,1,0,0
rock,99,kingler,water,,1,1,0,0
rock,100,voltorb,electric,,1,1,0,0
rock,101,electrode,electric,,1,1,0,0
rock,102,exeggcute,grass,psychic,1,1,1,0
rock,103,exeggutor,grass,psychic,1,1,1,0
rock,104,cubone,ground,,1/2,1/2,0,0
rock,105,marowak,ground,,1/2,1/2,0,0
rock,106,hitmonlee,fighting,,1/2,1/2,0,0
rock,107,hitmonchan,fighting,,1/2,1/2,0,0
rock,108,lickitung,normal,,1,1,0,0
rock,109,koffing,poison,,1,1,0,0
rock,110,weezing,poison,,1,1,0,0
rock,111,rhyhorn,ground,rock,1/2,1/2,1,0
rock,112,rhydon,ground,rock,1/2,1/2,1,0
rock,113,chansey,normal,,1,1,0,0
rock,114,tangela,grass,,1,1,0,0
rock,115,kangaskhan,normal,,1,1,0,0
rock,116,horsea,water,,1,1,0,0
rock,117,seadra,water,,1,1,0,0
rock,118,goldeen,water,,1,1,0,0
rock,119,seaking,water,,1,1,0,0
rock,120,staryu,water,,1,1,0,0
rock,121,starmie,water,psychic,1,1,1,0
rock,122,mr-mime,psychic,,1,1,0,0
rock,123,scyther,bug,flying,4,4,1,0
rock,124,jynx,ice,psychic,2,2,1,0
rock,125,electabuzz,electric,,1,1,0,0
rock,126,magmar,fire,,2,2,0,0
rock,127,pinsir,bug,,2,2,0,0
rock,128,tauros,normal,,1,1,0,0
rock,129,magikarp,water,,1,1,0,0
rock,130,gyarados,water,flying,2,2,1,0
rock,131,lapras,water,ice,2,2,1,0
rock,132,ditto,normal,,1,1,0,0
rock,133,eevee,normal,,1,1,0,0
rock,134,vaporeon,water,,1,1,0,0
rock,135,jolteon,electric,,1,1,0,0
rock,136,flareon,fire,,2,2,0,0
rock,137,porygon,normal,,1,1,0,0
rock,138,omanyte,rock,water,1,1,1,0
rock,139,omastar,rock,water,1,1,1,0
rock,140,kabuto,rock,water,1,1,1,0
rock,141,kabutops,rock,water,1,1,1,0
rock,142,aerodactyl,rock,flying,2,2,1,0
rock,143,snorlax,normal,,1,1,0,0
rock,144,articuno,ice,flying,4,4,1,0
rock,145,zapdos,electric,flying,2,2,1,0
rock,146,moltres,fire,flying,4,4,1,0
rock,147,dratini,dragon,,1,1,0,0
rock,148,dragonair,dragon,,1,1,0,0
rock,149,dragonite,dragon,flying,2,2,1,0
rock,150,mewtwo,psychic,,1,1,0,0
rock,151,mew,psychic,,1,1,0,0
bug,1,bulbasaur,grass,poison,4,1,1,1
bug,2,ivysaur,grass,poison,4,1,1,1
bug,3,venusaur,grass,poison,4,1,1,1
bug,4,charmander,fire,,1/2,1/2,0,0
bug,5,charmeleon,fire,,1/2,1/2,0,0
bug,6,charizard,fire,flying,1/4,1/4,1,0
bug,7,squirtle,water,,1,1,0,0
bug,8,wartortle,water,,1,1,0,0
bug,9,blastoise,water,,1,1,0,0
bug,10,caterpie,bug,,1,1,0,0
bug,11,metapod,bug,,1,1,0,0
bug,12,butterfree,bug,flying,1/2,1/2,1,0
bug,13,weedle,bug,poison,2,1/2,1,1
bug,14,kakuna,bug,poison,2,1/2,1,1
bug,15,beedrill,bug,poison,2,1/2,1,1
bug,16,pidgey,normal,flying,1/2,1/2,1,0
bug,17,pidgeotto,normal,flying,1/2,1/2,1,0
bug,18,pidgeot,normal,flying,1/2,1/2,1,0
bug,19,rattata,normal,,1,1,0,0
bug,20,raticate,normal,,1,1,0,0
bug,21,spearow,normal,flying,1/2,1/2,1,0
bug,22,fearow,normal,flying,1/2,1/2,1,0
bug,23,ekans,poison,,2,1/2,0,1
bug,24,arbok,poison,,2,1/2,0,1
bug,25,pikachu,electric,,1,1,0,0
bug,26,raichu,electric,,1,1,0,0
bug,27,sandshrew,ground,,1,1,0,0
bug,28,sandslash,ground,,1,1,0,0
bug,29,nidoran-f,poison,,2,1/2,0,1
bug,30,nidorina,poison,,2,1/2,0,1
bug,31,nidoqueen,poison,ground,2,1/2,1,1
bug,32,nidoran-m,poison,,2,1/2,0,1
bug,33,nidorino,poison,,2,1/2,0,1
bug,34,nidoking,poison,ground,2,1/2,1,1
bug,35,clefairy,normal,,1,1,0,0
bug,36,clefable,normal,,1,1,0,0
bug,37,vulpix,fire,,1/2,1/2,0,0
bug,38,ninetales,fire,,1/2,1/2,0,0
bug,39,jigglypuff,normal,,1,1,0,0
bug,40,wigglytuff,normal,,1,1,0,0
bug,41,zubat,poison,flying,1,1/4,1,1
bug,42,golbat,poison,flying,1,1/4,1,1
bug,43,oddish,grass,poison,4,1,1,1
bug,44,gloom,grass,poison,4,1,1,1
bug,45,vileplume,grass,poison,4,1,1,1
bug,46,paras,bug,grass,2,2,1,0
bug,47,parasect,bug,grass,2,2,1,0
bug,48,venonat,bug,poison,2,1/2,1,1
bug,49,venomoth,bug,poison,2,1/2,1,1
bug,50,diglett,ground,,1,1,0,0
bug,51,dugtrio,ground,,1,1,0,0
bug,52,meowth,normal,,1,1,0,0
bug,53,persian,normal,,1,1,0,0
bug,54,psyduck,water,,1,1,0,0
bug,55,golduck,water,,1,1,0,0
bug,56,mankey,fighting,,1/2,1/2,0,0
bug,57,primeape,fighting,,1/2,1/2,0,0
bug,58,growlithe,fire,,1/2,1/2,0,0
bug,59,arcanine,fire,,1/2,1/2,0,0
bug,60,poliwag,water,,1,1,0,0
bug,61,poliwhirl,water,,1,1,0,0
bug,62,poliwrath,water,fighting,1/2,1/2,1,0
bug,63,abra,psychic,,2,2,0,0
bug,64,kadabra,psychic,,2,2,0,0
bug,65,alakazam,psychic,,2,2,0,0
bug,66,machop,fighting,,1/2,1/2,0,0
bug,67,machoke,fighting,,1/2,1/2,0,0
bug,68,machamp,fighting,,1/2,1/2,0,0
bug,69,bellsprout,grass,poison,4,1,1,1
bug,70,weepinbell,grass,poison,4,1,1,1
bug,71,victreebel,grass,poison,4,1,1,1
bug,72,tentacool,water,poison,2,1/2,1,1
bug,73,tentacruel,water,poison,2,1/2,1,1
bug,74,geodude,rock,ground,1,1,1,0
bug,75,graveler,rock,ground,1,1,1,0
bug,76,golem,rock,ground,1,1,1,0
bug,77,ponyta,fire,,1/2,1/2,0,0
bug,78,rapidash,fire,,1/2,1/2,0,0
bug,79,slowpoke,water,psychic,2,2,1,0
bug,80,slowbro,water,psychic,2,2,1,0
bug,81,magnemite,electric,,1,1,0,0
bug,82,magneton,electric,,1,1,0,0
bug,83,farfetchd,normal,flying,1/2,1/2,1,0
bug,84,doduo,normal,flying,1/2,1/2,1,0
bug,85,dodrio,normal,flying,1/2,1/2,1,0
bug,86,seel,water,,1,1,0,0
bug,87,dewgong,water,ice,1,1,1,0
bug,88,grimer,poison,,2,1/2,0,1
bug,89,muk,poison,,2,1/2,0,1
bug,90,shellder,water,,1,1,0,0
bug,91,cloyster,water,ice,1,1,1,0
bug,92,gastly,ghost,poison,1,1/4,1,1
bug,93,haunter,ghost,poison,1,1/4,1,1
bug,94,gengar,ghost,poison,1,1/4,1,1
bug,95,onix,rock,ground,1,1,1,0
bug,96,drowzee,psychic,,2,2,0,0
bug,97,hypno,psychic,,2,2,0,0
bug,98,krabby,water,,1,1,0,0
bug,99,kingler,water,,1,1,0,0
bug,100,voltorb,electric,,1,1,0,0
bug,101,electrode,electric,,1,1,0,0
bug,102,exeggcute,grass,psychic,4,4,1,0
bug,103,exeggutor,grass,psychic,4,4,1,0
bug,104,cubone,ground,,1,1,0,0
bug,105,marowak,ground,,1,1,0,0
bug,106,hitmonlee,fighting,,1/2,1/2,0,0
bug,107,hitmonchan,fighting,,1/2,1/2,0,0
bug,108,lickitung,normal,,1,1,0,0
bug,109,koffing,poison,,2,1/2,0,1
bug,110,weezing,poison,,2,1/2,0,1
bug,111,rhyhorn,ground,rock,1,1,1,0
bug,112,rhydon,ground,rock,1,1,1,0
bug,113,chansey,normal,,1,1,0,0
bug,114,tangela,grass,,2,2,0,0
bug,115,kangaskhan,normal,,1,1,0,0
bug,116,horsea,water,,1,1,0,0
bug,117,seadra,water,,1,1,0,0
bug,118,goldeen,water,,1,1,0,0
bug,119,seaking,water,,1,1,0,0
bug,120,staryu,water,,1,1,0,0
bug,121,starmie,water,psychic,2,2,1,0
bug,122,mr-mime,psychic,,2,2,0,0
bug,123,scyther,bug,flying,1/2,1/2,1,0
bug,124,jynx,ice,psychic,2,2,1,0
bug,125,electabuzz,electric,,1,1,0,0
bug,126,magmar,fire,,1/2,1/2,0,0
bug,127,pinsir,bug,,1,1,0,0
bug,128,tauros,normal,,1,1,0,0
bug,129,magikarp,water,,1,1,0,0
bug,130,gyarados,water,flying,1/2,1/2,1,0
bug,131,lapras,water,ice,1,1,1,0
bug,132,ditto,normal,,1,1,0,0
bug,133,eevee,normal,,1,1,0,0
bug,134,vaporeon,water,,1,1,0,0
bug,135,jolteon,electric,,1,1,0,0
bug,136,flareon,fire,,1/2,1/2,0,0
bug,137,porygon,normal,,1,1,0,0
bug,138,omanyte,rock,water,1,1,1,0
bug,139,omastar,rock,water,1,1,1,0
bug,140,kabuto,rock,water,1,1,1,0
bug,141,kabutops,rock,water,1,1,1,0
bug,142,aerodactyl,rock,flying,1/2,1/2,1,0
bug,143,snorlax,normal,,1,1,0,0
bug,144,articuno,ice,flying,1/2,1/2,1,0
bug,145,zapdos,electric,flying,1/2,1/2,1,0
bug,146,moltres,fire,flying,1/4,1/4,1,0
bug,147,dratini,dragon,,1,1,0,0
bug,148,dragonair,dragon,,1,1,0,0
bug,149,dragonite,dragon,flying,1/2,1/2,1,0
bug,150,mewtwo,psychic,,2,2,0,0
bug,151,mew,psychic,,2,2,0,0
ghost,1,bulbasaur,grass,poison,1,1,1,0
ghost,2,ivysaur,grass,poison,1,1,1,0
ghost,3,venusaur,grass,poison,1,1,1,0
ghost,4,charmander,fire,,1,1,0,0
ghost,5,charmeleon,fire,,1,1,0,0
ghost,6,charizard,fire,flying,1,1,1,0
ghost,7,squirtle,water,,1,1,0,0
ghost,8,wartortle,water,,1,1,0,0
ghost,9,blastoise,water,,1,1,0,0
ghost,10,caterpie,bug,,1,1,0,0
ghost,11,metapod,bug,,1,1,0,0
ghost,12,butterfree,bug,flying,1,1,1,0
ghost,13,weedle,bug,poison,1,1,1,0
ghost,14,kakuna,bug,poison,1,1,1,0
ghost,15,beedrill,bug,poison,1,1,1,0
ghost,16,pidgey,normal,flying,0,0,1,0
ghost,17,pidgeotto,normal,flying,0,0,1,0
ghost,18,pidgeot,normal,flying,0,0,1,0
ghost,19,rattata,normal,,0,0,0,0
ghost,20,raticate,normal,,0,0,0,0
ghost,21,spearow,normal,flying,0,0,1,0
ghost,22,fearow,normal,flying,0,0,1,0
ghost,23,ekans,poison,,1,1,0,0
ghost,24,arbok,poison,,1,1,0,0
ghost,25,pikachu,electric,,1,1,0,0
ghost,26,raichu,electric,,1,1,0,0
ghost,27,sandshrew,ground,,1,1,0,0
ghost,28,sandslash,ground,,1,1,0,0
ghost,29,nidoran-f,poison,,1,1,0,0
ghost,30,nidorina,poison,,1,1,0,0
ghost,31,nidoqueen,poison,ground,1,1,1,0
ghost,32,nidoran-m,poison,,1,1,0,0
ghost,33,nidorino,poison,,1,1,0,0
ghost,34,nidoking,poison,ground,1,1,1,0
ghost,35,clefairy,normal,,0,0,0,0
ghost,36,clefable,normal,,0,0,0,0
ghost,37,vulpix,fire,,1,1,0,0
ghost,38,ninetales,fire,,1,1,0,0
ghost,39,jigglypuff,normal,,0,0,0,0
ghost,40,wigglytuff,normal,,0,0,0,0
ghost,41,zubat,poison,flying,1,1,1,0
ghost,42,golbat,poison,flying,1,1,1,0
ghost,43,oddish,grass,poison,1,1,1,0
ghost,44,gloom,grass,poison,1,1,1,0
ghost,45,vileplume,grass,poison,1,1,1,0
ghost,46,paras,bug,grass,1,1,1,0
ghost,47,parasect,bug,grass,1,1,1,0
ghost,48,venonat,bug,poison,1,1,1,0
ghost,49,venomoth,bug,poison,1,1,1,0
ghost,50,diglett,ground,,1,1,0,0
ghost,51,dugtrio,ground,,1,1,0,0
ghost,52,meowth,normal,,0,0,0,0
ghost,53,persian,normal,,0,0,0,0
ghost,54,psyduck,water,,1,1,0,0
ghost,55,golduck,water,,1,1,0,0
ghost,56,mankey,fighting,,1,1,0,0
ghost,57,primeape,fighting,,1,1,0,0
ghost,58,growlithe,fire,,1,1,0,0
ghost,59,arcanine,fire,,1,1,0,0
ghost,60,poliwag,water,,1,1,0,0
ghost,61,poliwhirl,water,,1,1,0,0
ghost,62,poliwrath,water,fighting,1,1,1,0
ghost,63,abra,psychic,,0,2,0,1
ghost,64,kadabra,psychic,,0,2,0,1
ghost,65,alakazam,psychic,,0,2,0,1
ghost,66,machop,fighting,,1,1,0,0
ghost,67,machoke,fighting,,1,1,0,0
ghost,68,machamp,fighting,,1,1,0,0
ghost,69,bellsprout,grass,poison,1,1,1,0
ghost,70,weepinbell,grass,poison,1,1,1,0
ghost,71,victreebel,grass,poison,1,1,1,0
ghost,72,tentacool,water,poison,1,1,1,0
ghost,73,tentacruel,water,poison,1,1,1,0
ghost,74,geodude,rock,ground,1,1,1,0
ghost,75,graveler,rock,ground,1,1,1,0
ghost,76,golem,rock,ground,1,1,1,0
ghost,77,ponyta,fire,,1,1,0,0
ghost,78,rapidash,fire,,1,1,0,0
ghost,79,slowpoke,water,psychic,0,2,1,1
ghost,80,slowbro,water,psychic,0,2,1,1
ghost,81,magnemite,electric,,1,1,0,0
ghost,82,magneton,electric,,1,1,0,0
ghost,83,farfetchd,normal,flying,0,0,1,0
ghost,84,doduo,normal,flying,0,0,1,0
ghost,85,dodrio,normal,flying,0,0,1,0
ghost,86,seel,water,,1,1,0,0
ghost,87,dewgong,water,ice,1,1,1,0
ghost,88,grimer,poison,,1,1,0,0
ghost,89,muk,poison,,1,1,0,0
ghost,90,shellder,water,,1,1,0,0
ghost,91,cloyster,water,ice,1,1,1,0
ghost,92,gastly,ghost,poison,2,2,1,0
ghost,93,haunter,ghost,poison,2,2,1,0
ghost,94,gengar,ghost,poison,2,2,1,0
ghost,95,onix,rock,ground,1,1,1,0
ghost,96,drowzee,psychic,,0,2,0,1
ghost,97,hypno,psychic,,0,2,0,1
ghost,98,krabby,water,,1,1,0,0
ghost,99,kingler,water,,1,1,0,0
ghost,100,voltorb,electric,,1,1,0,0
ghost,101,electrode,electric,,1,1,0,0
ghost,102,exeggcute,grass,psychic,0,2,1,1
ghost,103,exeggutor,grass,psychic,0,2,1,1
ghost,104,cubone,ground,,1,1,0,0
ghost,105,marowak,ground,,1,1,0,0
ghost,106,hitmonlee,fighting,,1,1,0,0
ghost,107,hitmonchan,fighting,,1,1,0,0
ghost,108,lickitung,normal,,0,0,0,0
ghost,109,koffing,poison,,1,1,0,0
ghost,110,weezing,poison,,1,1,0,0
ghost,111,rhyhorn,ground,rock,1,1,1,0
ghost,112,rhydon,ground,rock,1,1,1,0
ghost,113,chansey,normal,,0,0,0,0
ghost,114,tangela,grass,,1,1,0,0
ghost,115,kangaskhan,normal,,0,0,0,0
ghost,116,horsea,water,,1,1,0,0
ghost,117,seadra,water,,1,1,0,0
ghost,118,goldeen,water,,1,1,0,0
ghost,119,seaking,water,,1,1,0,0
ghost,120,staryu,water,,1,1,0,0
ghost,121,starmie,water,psychic,0,2,1,1
ghost,122,mr-mime,psychic,,0,2,0,1
ghost,123,scyther,bug,flying,1,1,1,0
ghost,124,jynx,ice,psychic,0,2,1,1
ghost,125,electabuzz,electric,,1,1,0,0
ghost,126,magmar,fire,,1,1,0,0
ghost,127,pinsir,bug,,1,1,0,0
ghost,128,tauros,normal,,0,0,0,0
ghost,129,magikarp,water,,1,1,0,0
ghost,130,gyarados,water,flying,1,1,1,0
ghost,131,lapras,water,ice,1,1,1,0
ghost,132,ditto,normal,,0,0,0,0
ghost,133,eevee,normal,,0,0,0,0
ghost,134,vaporeon,water,,1,1,0,0
ghost,135,jolteon,electric,,1,1,0,0
ghost,136,flareon,fire,,1,1,0,0
ghost,137,porygon,normal,,0,0,0,0
ghost,138,omanyte,rock,water,1,1,1,0
ghost,139,omastar,rock,water,1,1,1,0
ghost,140,kabuto,rock,water,1,1,1,0
ghost,141,kabutops,rock,water,1,1,1,0
ghost,142,aerodactyl,rock,flying,1,1,1,0
ghost,143,snorlax,normal,,0,0,0,0
ghost,144,articuno,ice,flying,1,1,1,0
ghost,145,zapdos,electric,flying,1,1,1,0
ghost,146,moltres,fire,flying,1,1,1,0
ghost,147,dratini,dragon,,1,1,0,0
ghost,148,dragonair,dragon,,1,1,0,0
ghost,149,dragonite,dragon,flying,1,1,1,0
ghost,150,mewtwo,psychic,,0,2,0,1
ghost,151,mew,psychic,,0,2,0,1
fire,1,bulbasaur,grass,poison,2,2,1,0
fire,2,ivysaur,grass,poison,2,2,1,0
fire,3,venusaur,grass,poison,2,2,1,0
fire,4,charmander,fire,,1/2,1/2,0,0
fire,5,charmeleon,fire,,1/2,1/2,0,0
fire,6,charizard,fire,flying,1/2,1/2,1,0
fire,7,squirtle,water,,1/2,1/2,0,0
fire,8,wartortle,water,,1/2,1/2,0,0
fire,9,blastoise,water,,1/2,1/2,0,0
fire,10,caterpie,bug,,2,2,0,0
fire,11,metapod,bug,,2,2,0,0
fire,12,butterfree,bug,flying,2,2,1,0
fire,13,weedle,bug,poison,2,2,1,0
fire,14,kakuna,bug,poison,2,2,1,0
fire,15,beedrill,bug,poison,2,2,1,0
fire,16,pidgey,normal,flying,1,1,1,0
fire,17,pidgeotto,normal,flying,1,1,1,0
fire,18,pidgeot,normal,flying,1,1,1,0
fire,19,rattata,normal,,1,1,0,0
fire,20,raticate,normal,,1,1,0,0
fire,21,spearow,normal,flying,1,1,1,0
fire,22,fearow,normal,flying,1,1,1,0
fire,23,ekans,poison,,1,1,0,0
fire,24,arbok,poison,,1,1,0,0
fire,25,pikachu,electric,,1,1,0,0
fire,26,raichu,electric,,1,1,0,0
fire,27,sandshrew,ground,,1,1,0,0
fire,28,sandslash,ground,,1,1,0,0
fire,29,nidoran-f,poison,,1,1,0,0
fire,30,nidorina,poison,,1,1,0,0
fire,31,nidoqueen,poison,ground,1,1,1,0
fire,32,nidoran-m,poison,,1,1,0,0
fire,33,nidorino,poison,,1,1,0,0
fire,34,nidoking,poison,ground,1,1,1,0
fire,35,clefairy,normal,,1,1,0,0
fire,36,clefable,normal,,1,1,0,0
fire,37,vulpix,fire,,1/2,1/2,0,0
fire,38,ninetales,fire,,1/2,1/2,0,0
fire,39,jigglypuff,normal,,1,1,0,0
fire,40,wigglytuff,normal,,1,1,0,0
fire,41,zubat,poison,flying,1,1,1,0
fire,42,golbat,poison,flying,1,1,1,0
fire,43,oddish,grass,poison,2,2,1,0
fire,44,gloom,grass,poison,2,2,1,0
fire,45,vileplume,grass,poison,2,2,1,0
fire,46,paras,bug,grass,4,4,1,0
fire,47,parasect,bug,grass,4,4,1,0
fire,48,venonat,bug,poison,2,2,1,0
fire,49,venomoth,bug,poison,2,2,1,0
fire,50,diglett,ground,,1,1,0,0
fire,51,dugtrio,ground,,1,1,0,0
fire,52,meowth,normal,,1,1,0,0
fire,53,persian,normal,,1,1,0,0
fire,54,psyduck,water,,1/2,1/2,0,0
fire,55,golduck,water,,1/2,1/2,0,0
fire,56,mankey,fighting,,1,1,0,0
fire,57,primeape,fighting,,1,1,0,0
fire,58,growlithe,fire,,1/2,1/2,0,0
fire,59,arcanine,fire,,1/2,1/2,0,0
fire,60,poliwag,water,,1/2,1/2,0,0
fire,61,poliwhirl,water,,1/2,1/2,0,0
fire,62,poliwrath,water,fighting,1/2,1/2,1,0
fire,63,abra,psychic,,1,1,0,0
fire,64,kadabra,psychic,,1,1,0,0
fire,65,alakazam,psychic,,1,1,0,0
fire,66,machop,fighting,,1,1,0,0
fire,67,machoke,fighting,,1,1,0,0
fire,68,machamp,fighting,,1,1,0,0
fire,69,bellsprout,grass,poison,2,2,1,0
fire,70,weepinbell,grass,poison,2,2,1,0
fire,71,victreebel,grass,poison,2,2,1,0
fire,72,tentacool,water,poison,1/2,1/2,1,0
fire,73,tentacruel,water,poison,1/2,1/2,1,0
fire,74,geodude,rock,ground,1/2,1/2,1,0
fire,75,graveler,rock,ground,1/2,1/2,1,0
fire,76,golem,rock,ground,1/2,1/2,1,0
fire,77,ponyta,fire,,1/2,1/2,0,0
fire,78,rapidash,fire,,1/2,1/2,0,0
fire,79,slowpoke,water,psychic,1/2,1/2,1,0
fire,80,slowbro,water,psychic,1/2,1/2,1,0
fire,81,magnemite,electric,,1,1,0,0
fire,82,magneton,electric,,1,1,0,0
fire,83,farfetchd,normal,flying,1,1,1,0
fire,84,doduo,normal,flying,1,1,1,0
fire,85,dodrio,normal,flying,1,1,1,0
fire,86,seel,water,,1/2,1/2,0,0
fire,87,dewgong,water,ice,1,1,1,0
fire,88,grimer,poison,,1,1,0,0
fire,89,muk,poison,,1,1,0,0
fire,90,shellder,water,,1/2,1/2,0,0
fire,91,cloyster,water,ice,1,1,1,0
fire,92,gastly,ghost,poison,1,1,1,0
fire,93,haunter,ghost,poison,1,1,1,0
fire,94,gengar,ghost,poison,1,1,1,0
fire,95,onix,rock,ground,1/2,1/2,1,0
fire,96,drowzee,psychic,,1,1,0,0
fire,97,hypno,psychic,,1,1,0,0
fire,98,krabby,water,,1/2,1/2,0,0
fire,99,kingler,water,,1/2,1/2,0,0
fire,100,voltorb,electric,,1,1,0,0
fire,101,electrode,electric,,1,1,0,0
fire,102,exeggcute,grass,psychic,2,2,1,0
fire,103,exeggutor,grass,psychic,2,2,1,0
fire,104,cubone,ground,,1,1,0,0
fire,105,marowak,ground,,1,1,0,0
fire,106,hitmonlee,fighting,,1,1,0,0
fire,107,hitmonchan,fighting,,1,1,0,0
fire,108,lickitung,normal,,1,1,0,0
fire,109,koffing,poison,,1,1,0,0
fire,110,weezing,poison,,1,1,0,0
fire,111,rhyhorn,ground,rock,1/2,1/2,1,0
fire,112,rhydon,ground,rock,1/2,1/2,1,0
fire,113,chansey,normal,,1,1,0,0
fire,114,tangela,grass,,2,2,0,0
fire,115,kangaskhan,normal,,1,1,0,0
fire,116,horsea,water,,1/2,1/2,0,0
fire,117,seadra,water,,1/2,1/2,0,0
fire,118,goldeen,water,,1/2,1/2,0,0
fire,119,seaking,water,,1/2,1/2,0,0
fire,120,staryu,water,,1/2,1/2,0,0
fire,121,starmie,water,psychic,1/2,1/2,1,0
fire,122,mr-mime,psychic,,1,1,0,0
fire,123,scyther,bug,flying,2,2,1,0
fire,124,jynx,ice,psychic,2,2,1,0
fire,125,electabuzz,electric,,1,1,0,0
fire,126,magmar,fire,,1/2,1/2,0,0
fire,127,pinsir,bug,,2,2,0,0
fire,128,tauros,normal,,1,1,0,0
fire,129,magikarp,water,,1/2,1/2,0,0
fire,130,gyarados,water,flying,1/2,1/2,1,0
fire,131,lapras,water,ice,1,1,1,0
fire,132,ditto,normal,,1,1,0,0
fire,133,eevee,normal,,1,1,0,0
fire,134,vaporeon,water,,1/2,1/2,0,0
fire,135,jolteon,electric,,1,1,0,0
fire,136,flareon,fire,,1/2,1/2,0,0
fire,137,porygon,normal,,1,1,0,0
fire,138,omanyte,rock,water,1/4,1/4,1,0
fire,139,omastar,rock,water,1/4,1/4,1,0
fire,140,kabuto,rock,water,1/4,1/4,1,0
fire,141,kabutops,rock,water,1/4,1/4,1,0
fire,142,aerodactyl,rock,flying,1/2,1/2,1,0
fire,143,snorlax,normal,,1,1,0,0
fire,144,articuno,ice,flying,2,2,1,0
fire,145,zapdos,electric,flying,1,1,1,0
fire,146,moltres,fire,flying,1/2,1/2,1,0
fire,147,dratini,dragon,,1/2,1/2,0,0
fire,148,dragonair,dragon,,1/2,1/2,0,0
fire,149,dragonite,dragon,flying,1/2,1/2,1,0
fire,150,mewtwo,psychic,,1,1,0,0
fire,151,mew,psychic,,1,1,0,0
water,1,bulbasaur,grass,poison,1/2,1/2,1,0
water,2,ivysaur,grass,poison,1/2,1/2,1,0
water,3,venusaur,grass,poison,1/2,1/2,1,0
water,4,charmander,fire,,2,2,0,0
water,5,charmeleon,fire,,2,2,0,0
water,6,charizard,fire,flying,2,2,1,0
water,7,squirtle,water,,1/2,1/2,0,0
water,8,wartortle,water,,1/2,1/2,0,0
water,9,blastoise,water,,1/2,1/2,0,0
water,10,caterpie,bug,,1,1,0,0
water,11,metapod,bug,,1,1,0,0
water,12,butterfree,bug,flying,1,1,1,0
water,13,weedle,bug,poison,1,1,1,0
water,14,kakuna,bug,poison,1,1,1,0
water,15,beedrill,bug,poison,1,1,1,0
water,16,pidgey,normal,flying,1,1,1,0
water,17,pidgeotto,normal,flying,1,1,1,0
water,18,pidgeot,normal,flying,1,1,1,0
water,19,rattata,normal,,1,1,0,0
water,20,raticate,normal,,1,1,0,0
water,21,spearow,normal,flying,1,1,1,0
water,22,fearow,normal,flying,1,1,1,0
water,23,ekans,poison,,1,1,0,0
water,24,arbok,poison,,1,1,0,0
water,25,pikachu,electric,,1,1,0,0
water,26,raichu,electric,,1,1,0,0
water,27,sandshrew,ground,,2,2,0,0
water,28,sandslash,ground,,2,2,0,0
water,29,nidoran-f,poison,,1,1,0,0
water,30,nidorina,poison,,1,1,0,0
water,31,nidoqueen,poison,ground,2,2,1,0
water,32,nidoran-m,poison,,1,1,0,0
water,33,nidorino,poison,,1,1,0,0
water,34,nidoking,poison,ground,2,2,1,0
water,35,clefairy,normal,,1,1,0,0
water,36,clefable,normal,,1,1,0,0
water,37,vulpix,fire,,2,2,0,0
water,38,ninetales,fire,,2,2,0,0
water,39,jigglypuff,normal,,1,1,0,0
water,40,wigglytuff,normal,,1,1,0,0
water,41,zubat,poison,flying,1,1,1,0
water,42,golbat,poison,flying,1,1,1,0
water,43,oddish,grass,poison,1/2,1/2,1,0
water,44,gloom,grass,poison,1/2,1/2,1,0
water,45,vileplume,grass,poison,1/2,1/2,1,0
water,46,paras,bug,grass,1/2,1/2,1,0
water,47,parasect,bug,grass,1/2,1/2,1,0
water,48,venonat,bug,poison,1,1,1,0
water,49,venomoth,bug,poison,1,1,1,0
water,50,diglett,ground,,2,2,0,0
water,51,dugtrio,ground,,2,2,0,0
water,52,meowth,normal,,1,1,0,0
water,53,persian,normal,,1,1,0,0
water,54,psyduck,water,,1/2,1/2,0,0
water,55,golduck,water,,1/2,1/2,0,0
water,56,mankey,fighting,,1,1,0,0
water,57,primeape,fighting,,1,1,0,0
water,58,growlithe,fire,,2,2,0,0
water,59,arcanine,fire,,2,2,0,0
water,60,poliwag,water,,1/2,1/2,0,0
water,61,poliwhirl,water,,1/2,1/2,0,0
water,62,poliwrath,water,fighting,1/2,1/2,1,0
water,63,abra,psychic,,1,1,0,0
water,64,kadabra,psychic,,1,1,0,0
water,65,alakazam,psychic,,1,1,0,0
water,66,machop,fighting,,1,1,0,0
water,67,machoke,fighting,,1,1,0,0
water,68,machamp,fighting,,1,1,0,0
water,69,bellsprout,grass,poison,1/2,1/2,1,0
water,70,weepinbell,grass,poison,1/2,1/2,1,0
water,71,victreebel,grass,poison,1/2,1/2,1,0
water,72,tentacool,water,poison,1/2,1/2,1,0
water,73,tentacruel,water,poison,1/2,1/2,1,0
water,74,geodude,rock,ground,4,4,1,0
water,75,graveler,rock,ground,4,4,1,0
water,76,golem,rock,ground,4,4,1,0
water,77,ponyta,fire,,2,2,0,0
water,78,rapidash,fire,,2,2,0,0
water,79,slowpoke,water,psychic,1/2,1/2,1,0
water,80,slowbro,water,psychic,1/2,1/2,1,0
water,81,magnemite,electric,,1,1,0,0
water,82,magneton,electric,,1,1,0,0
water,83,farfetchd,normal,flying,1,1,1,0
water,84,doduo,normal,flying,1,1,1,0
water,85,dodrio,normal,flying,1,1,1,0
water,86,seel,water,,1/2,1/2,0,0
water,87,dewgong,water,ice,1/2,1/2,1,0
water,88,grimer,poison,,1,1,0,0
water,89,muk,poison,,1,1,0,0
water,90,shellder,water,,1/2,1/2,0,0
water,91,cloyster,water,ice,1/2,1/2,1,0
water,92,gastly,ghost,poison,1,1,1,0
water,93,haunter,ghost,poison,1,1,1,0
water,94,gengar,ghost,poison,1,1,1,0
water,95,onix,rock,ground,4,4,1,0
water,96,drowzee,psychic,,1,1,0,0
water,97,hypno,psychic,,1,1,0,0
water,98,krabby,water,,1/2,1/2,0,0
water,99,kingler,water,,1/2,1/2,0,0
water,100,voltorb,electric,,1,1,0,0
water,101,electrode,electric,,1,1,0,0
water,102,exeggcute,grass,psychic,1/2,1/2,1,0
water,103,exeggutor,grass,psychic,1/2,1/2,1,0
water,104,cubone,ground,,2,2,0,0
water,105,marowak,ground,,2,2,0,0
water,106,hitmonlee,fighting,,1,1,0,0
water,107,hitmonchan,fighting,,1,1,0,0
water,108,lickitung,normal,,1,1,0,0
water,109,koffing,poison,,1,1,0,0
water,110,weezing,poison,,1,1,0,0
water,111,rhyhorn,ground,rock,4,4,1,0
water,112,rhydon,ground,rock,4,4,1,0
water,113,chansey,normal,,1,1,0,0
water,114,tangela,grass,,1/2,1/2,0,0
water,115,kangaskhan,normal,,1,1,0,0
water,116,horsea,water,,1/2,1/2,0,0
water,117,seadra,water,,1/2,1/2,0,0
water,118,goldeen,water,,1/2,1/2,0,0
water,119,seaking,water,,1/2,1/2,0,0
water,120,staryu,water,,1/2,1/2,0,0
water,121,starmie,water,psychic,1/2,1/2,1,0
water,122,mr-mime,psychic,,1,1,0,0
water,123,scyther,bug,flying,1,1,1,0
water,124,jynx,ice,psychic,1,1,1,0
water,125,electabuzz,electric,,1,1,0,0
water,126,magmar,fire,,2,2,0,0
water,127,pinsir,bug,,1,1,0,0
water,128,tauros,normal,,1,1,0,0
water,129,magikarp,water,,1/2,1/2,0,0
water,130,gyarados,water,flying,1/2,1/2,1,0
water,131,lapras,water,ice,1/2,1/2,1,0
water,132,ditto,normal,,1,1,0,0
water,133,eevee,normal,,1,1,0,0
water,134,vaporeon,water,,1/2,1/2,0,0
water,135,jolteon,electric,,1,1,0,0
water,136,flareon,fire,,2,2,0,0
water,137,porygon,normal,,1,1,0,0
water,138,omanyte,rock,water,1,1,1,0
water,139,omastar,rock,water,1,1,1,0
water,140,kabuto,rock,water,1,1,1,0
water,141,kabutops,rock,water,1,1,1,0
water,142,aerodactyl,rock,flying,2,2,1,0
water,143,snorlax,normal,,1,1,0,0
water,144,articuno,ice,flying,1,1,1,0
water,145,zapdos,electric,flying,1,1,1,0
water,146,moltres,fire,flying,2,2,1,0
water,147,dratini,dragon,,1/2,1/2,0,0
water,148,dragonair,dragon,,1/2,1/2,0,0
water,149,dragonite,dragon,flying,1/2,1/2,1,0
water,150,mewtwo,psychic,,1,1,0,0
water,151,mew,psychic,,1,1,0,0
grass,1,bulbasaur,grass,poison,1/4,1/4,1,0
grass,2,ivysaur,grass,poison,1/4,1/4,1,0
grass,3,venusaur,grass,poison,1/4,1/4,1,0
grass,4,charmander,fire,,1/2,1/2,0,0
grass,5,charmeleon,fire,,1/2,1/2,0,0
grass,6,charizard,fire,flying,1/4,1/4,1,0
grass,7,squirtle,water,,2,2,0,0
grass,8,wartortle,water,,2,2,0,0
grass,9,blastoise,water,,2,2,0,0
grass,10,caterpie,bug,,1/2,1/2,0,0
grass,11,metapod,bug,,1/2,1/2,0,0
grass,12,butterfree,bug,flying,1/4,1/4,1,0
grass,13,weedle,bug,poison,1/4,1/4,1,0
grass,14,kakuna,bug,poison,1/4,1/4,1,0
grass,15,beedrill,bug,poison,1/4,1/4,1,0
grass,16,pidgey,normal,flying,1/2,1/2,1,0
grass,17,pidgeotto,normal,flying,1/2,1/2,1,0
grass,18,pidgeot,normal,flying,1/2,1/2,1,0
grass,19,rattata,normal,,1,1,0,0
grass,20,raticate,normal,,1,1,0,0
grass,21,spearow,normal,flying,1/2,1/2,1,0
grass,22,fearow,normal,flying,1/2,1/2,1,0
grass,23,ekans,poison,,1/2,1/2,0,0
grass,24,arbok,poison,,1/2,1/2,0,0
grass,25,pikachu,electric,,1,1,0,0
grass,26,raichu,electric,,1,1,0,0
grass,27,sandshrew,ground,,2,2,0,0
grass,28,sandslash,ground,,2,2,0,0
grass,29,nidoran-f,poison,,1/2,1/2,0,0
grass,30,nidorina,poison,,1/2,1/2,0,0
grass,31,nidoqueen,poison,ground,1,1,1,0
grass,32,nidoran-m,poison,,1/2,1/2,0,0
grass,33,nidorino,poison,,1/2,1/2,0,0
grass,34,nidoking,poison,ground,1,1,1,0
grass,35,clefairy,normal,,1,1,0,0
grass,36,clefable,normal,,1,1,0,0
grass,37,vulpix,fire,,1/2,1/2,0,0
grass,38,ninetales,fire,,1/2,1/2,0,0
grass,39,jigglypuff,normal,,1,1,0,0
grass,40,wigglytuff,normal,,1,1,0,0
grass,41,zubat,poison,flying,1/4,1/4,1,0
grass,42,golbat,poison,flying,1/4,1/4,1,0
grass,43,oddish,grass,poison,1/4,1/4,1,0
grass,44,gloom,grass,poison,1/4,1/4,1,0
grass,45,vileplume,grass,poison,1/4,1/4,1,0
grass,46,paras,bug,grass,1/4,1/4,1,0
grass,47,parasect,bug,grass,1/4,1/4,1,0
grass,48,venonat,bug,poison,1/4,1/4,1,0
grass,49,venomoth,bug,poison,1/4,1/4,1,0
grass,50,diglett,ground,,2,2,0,0
grass,51,dugtrio,ground,,2,2,0,0
grass,52,meowth,normal,,1,1,0,0
grass,53,persian,normal,,1,1,0,0
grass,54,psyduck,water,,2,2,0,0
grass,55,golduck,water,,2,2,0,0
grass,56,mankey,fighting,,1,1,0,0
grass,57,primeape,fighting,,1,1,0,0
grass,58,growlithe,fire,,1/2,1/2,0,0
grass,59,arcanine,fire,,1/2,1/2,0,0
grass,60,poliwag,water,,2,2,0,0
grass,61,poliwhirl,water,,2,2,0,0
grass,62,poliwrath,water,fighting,2,2,1,0
grass,63,abra,psychic,,1,1,0,0
grass,64,kadabra,psychic,,1,1,0,0
grass,65,alakazam,psychic,,1,1,0,0
grass,66,machop,fighting,,1,1,0,0
grass,67,machoke,fighting,,1,1,0,0
grass,68,machamp,fighting,,1,1,0,0
grass,69,bellsprout,grass,poison,1/4,1/4,1,0
grass,70,weepinbell,grass,poison,1/4,1/4,1,0
grass,71,victreebel,grass,poison,1/4,1/4,1,0
grass,72,tentacool,water,poison,1,1,1,0
grass,73,tentacruel,water,poison,1,1,1,0
grass,74,geodude,rock,ground,4,4,1,0
grass,75,graveler,rock,ground,4,4,1,0
grass,76,golem,rock,ground,4,4,1,0
grass,77,ponyta,fire,,1/2,1/2,0,0
grass,78,rapidash,fire,,1/2,1/2,0,0
grass,79,slowpoke,water,psychic,2,2,1,0
grass,80,slowbro,water,psychic,2,2,1,0
grass,81,magnemite,electric,,1,1,0,0
grass,82,magneton,electric,,1,1,0,0
grass,83,farfetchd,normal,flying,1/2,1/2,1,0
grass,84,doduo,normal,flying,1/2,1/2,1,0
grass,85,dodrio,normal,flying,1/2,1/2,1,0
grass,86,seel,water,,2,2,0,0
grass,87,dewgong,water,ice,2,2,1,0
grass,88,grimer,poison,,1/2,1/2,0,0
grass,89,muk,poison,,1/2,1/2,0,0
grass,90,shellder,water,,2,2,0,0
grass,91,cloyster,water,ice,2,2,1,0
grass,92,gastly,ghost,poison,1/2,1/2,1,0
grass,93,haunter,ghost,poison,1/2,1/2,1,0
grass,94,gengar,ghost,poison,1/2,1/2,1,0
grass,95,onix,rock,ground,4,4,1,0
grass,96,drowzee,psychic,,1,1,0,0
grass,97,hypno,psychic,,1,1,0,0
grass,98,krabby,water,,2,2,0,0
grass,99,kingler,water,,2,2,0,0
grass,100,voltorb,electric,,1,1,0,0
grass,101,electrode,electric,,1,1,0,0
grass,102,exeggcute,grass,psychic,1/2,1/2,1,0
grass,103,exeggutor,grass,psychic,1/2,1/2,1,0
grass,104,cubone,ground,,2,2,0,0
grass,105,marowak,ground,,2,2,0,0
grass,106,hitmonlee,fighting,,1,1,0,0
grass,107,hitmonchan,fighting,,1,1,0,0
grass,108,lickitung,normal,,1,1,0,0
grass,109,koffing,poison,,1/2,1/2,0,0
grass,110,weezing,poison,,1/2,1/2,0,0
grass,111,rhyhorn,ground,rock,4,4,1,0
grass,112,rhydon,ground,rock,4,4,1,0
grass,113,chansey,normal,,1,1,0,0
grass,114,tangela,grass,,1/2,1/2,0,0
grass,115,kangaskhan,normal,,1,1,0,0
grass,116,horsea,water,,2,2,0,0
grass,117,seadra,water,,2,2,0,0
grass,118,goldeen,water,,2,2,0,0
grass,119,seaking,water,,2,2,0,0
grass,120,staryu,water,,2,2,0,0
grass,121,starmie,water,psychic,2,2,1,0
grass,122,mr-mime,psychic,,1,1,0,0
grass,123,scyther,bug,flying,1/4,1/4,1,0
grass,124,jynx,ice,psychic,1,1,1,0
grass,125,electabuzz,electric,,1,1,0,0
grass,126,magmar,fire,,1/2,1/2,0,0
grass,127,pinsir,bug,,1/2,1/2,0,0
grass,128,tauros,normal,,1,1,0,0
grass,129,magikarp,water,,2,2,0,0
grass,130,gyarados,water,flying,1,1,1,0
grass,131,lapras,water,ice,2,2,1,0
grass,132,ditto,normal,,1,1,0,0
grass,133,eevee,normal,,1,1,0,0
grass,134,vaporeon,water,,2,2,0,0
grass,135,jolteon,electric,,1,1,0,0
grass,136,flareon,fire,,1/2,1/2,0,0
grass,137,porygon,normal,,1,1,0,0
grass,138,omanyte,rock,water,4,4,1,0
grass,139,omastar,rock,water,4,4,1,0
grass,140,kabuto,rock,water,4,4,1,0
grass,141,kabutops,rock,water,4,4,1,0
grass,142,aerodactyl,rock,flying,1,1,1,0
grass,143,snorlax,normal,,1,1,0,0
grass,144,articuno,ice,flying,1/2,1/2,1,0
grass,145,zapdos,electric,flying,1/2,1/2,1,0
grass,146,moltres,fire,flying,1/4,1/4,1,0
grass,147,dratini,dragon,,1/2,1/2,0,0
grass,148,dragonair,dragon,,1/2,1/2,0,0
grass,149,dragonite,dragon,flying,1/4,1/4,1,0
grass,150,mewtwo,psychic,,1,1,0,0
grass,151,mew,psychic,,1,1,0,0
electric,1,bulbasaur,grass,poison,1/2,1/2,1,0
electric,2,ivysaur,grass,poison,1/2,1/2,1,0
electric,3,venusaur,grass,poison,1/2,1/2,1,0
electric,4,charmander,fire,,1,1,0,0
electric,5,charmeleon,fire,,1,1,0,0
electric,6,charizard,fire,flying,2,2,1,0
electric,7,squirtle,water,,2,2,0,0
electric,8,wartortle,water,,2,2,0,0
electric,9,blastoise,water,,2,2,0,0
electric,10,caterpie,bug,,1,1,0,0
electric,11,metapod,bug,,1,1,0,0
electric,12,butterfree,bug,flying,2,2,1,0
electric,13,weedle,bug,poison,1,1,1,0
electric,14,kakuna,bug,poison,1,1,1,0
electric,15,beedrill,bug,poison,1,1,1,0
electric,16,pidgey,normal,flying,2,2,1,0
electric,17,pidgeotto,normal,flying,2,2,1,0
electric,18,pidgeot,normal,flying,2,2,1,0
electric,19,rattata,normal,,1,1,0,0
electric,20,raticate,normal,,1,1,0,0
electric,21,spearow,normal,flying,2,2,1,0
electric,22,fearow,normal,flying,2,2,1,0
electric,23,ekans,poison,,1,1,0,0
electric,24,arbok,poison,,1,1,0,0
electric,25,pikachu,electric,,1/2,1/2,0,0
electric,26,raichu,electric,,1/2,1/2,0,0
electric,27,sandshrew,ground,,0,0,0,0
electric,28,sandslash,ground,,0,0,0,0
electric,29,nidoran-f,poison,,1,1,0,0
electric,30,nidorina,poison,,1,1,0,0
electric,31,nidoqueen,poison,ground,0,0,1,0
electric,32,nidoran-m,poison,,1,1,0,0
electric,33,nidorino,poison,,1,1,0,0
electric,34,nidoking,poison,ground,0,0,1,0
electric,35,clefairy,normal,,1,1,0,0
electric,36,clefable,normal,,1,1,0,0
electric,37,vulpix,fire,,1,1,0,0
electric,38,ninetales,fire,,1,1,0,0
electric,39,jigglypuff,normal,,1,1,0,0
electric,40,wigglytuff,normal,,1,1,0,0
electric,41,zubat,poison,flying,2,2,1,0
electric,42,golbat,poison,flying,2,2,1,0
electric,43,oddish,grass,poison,1/2,1/2,1,0
electric,44,gloom,grass,poison,1/2,1/2,1,0
electric,45,vileplume,grass,poison,1/2,1/2,1,0
electric,46,paras,bug,grass,1/2,1/2,1,0
electric,47,parasect,bug,grass,1/2,1/2,1,0
electric,48,venonat,bug,poison,1,1,1,0
electric,49,venomoth,bug,poison,1,1,1,0
electric,50,diglett,ground,,0,0,0,0
electric,51,dugtrio,ground,,0,0,0,0
electric,52,meowth,normal,,1,1,0,0
electric,53,persian,normal,,1,1,0,0
electric,54,psyduck,water,,2,2,0,0
electric,55,golduck,water,,2,2,0,0
electric,56,mankey,fighting,,1,1,0,0
electric,57,primeape,fighting,,1,1,0,0
electric,58,growlithe,fire,,1,1,0,0
electric,59,arcanine,fire,,1,1,0,0
electric,60,poliwag,water,,2,2,0,0
electric,61,poliwhirl,water,,2,2,0,0
electric,62,poliwrath,water,fighting,2,2,1,0
electric,63,abra,psychic,,1,1,0,0
electric,64,kadabra,psychic,,1,1,0,0
electric,65,alakazam,psychic,,1,1,0,0
electric,66,machop,fighting,,1,1,0,0
electric,67,machoke,fighting,,1,1,0,0
electric,68,machamp,fighting,,1,1,0,0
electric,69,bellsprout,grass,poison,1/2,1/2,1,0
electric,70,weepinbell,grass,poison,1/2,1/2,1,0
electric,71,victreebel,grass,poison,1/2,1/2,1,0
electric,72,tentacool,water,poison,2,2,1,0
electric,73,tentacruel,water,poison,2,2,1,0
electric,74,geodude,rock,ground,0,0,1,0
electric,75,graveler,rock,ground,0,0,1,0
electric,76,golem,rock,ground,0,0,1,0
electric,77,ponyta,fire,,1,1,0,0
electric,78,rapidash,fire,,1,1,0,0
electric,79,slowpoke,water,psychic,2,2,1,0
electric,80,slowbro,water,psychic,2,2,1,0
electric,81,magnemite,electric,,1/2,1/2,0,0
electric,82,magneton,electric,,1/2,1/2,0,0
electric,83,farfetchd,normal,flying,2,2,1,0
electric,84,doduo,normal,flying,2,2,1,0
electric,85,dodrio,normal,flying,2,2,1,0
electric,86,seel,water,,2,2,0,0
electric,87,dewgong,water,ice,2,2,1,0
electric,88,grimer,poison,,1,1,0,0
electric,89,muk,poison,,1,1,0,0
electric,90,shellder,water,,2,2,0,0
electric,91,cloyster,water,ice,2,2,1,0
electric,92,gastly,ghost,poison,1,1,1,0
electric,93,haunter,ghost,poison,1,1,1,0
electric,94,gengar,ghost,poison,1,1,1,0
electric,95,onix,rock,ground,0,0,1,0
electric,96,drowzee,psychic,,1,1,0,0
electric,97,hypno,psychic,,1,1,0,0
electric,98,krabby,water,,2,2,0,0
electric,99,kingler,water,,2,2,0,0
electric,100,voltorb,electric,,1/2,1/2,0,0
electric,101,electrode,electric,,1/2,1/2,0,0
electric,102,exeggcute,grass,psychic,1/2,1/2,1,0
electric,103,exeggutor,grass,psychic,1/2,1/2,1,0
electric,104,cubone,ground,,0,0,0,0
electric,105,marowak,ground,,0,0,0,0
electric,106,hitmonlee,fighting,,1,1,0,0
electric,107,hitmonchan,fighting,,1,1,0,0
electric,108,lickitung,normal,,1,1,0,0
electric,109,koffing,poison,,1,1,0,0
electric,110,weezing,poison,,1,1,0,0
electric,111,rhyhorn,ground,rock,0,0,1,0
electric,112,rhydon,ground,rock,0,0,1,0
electric,113,chansey,normal,,1,1,0,0
electric,114,tangela,grass,,1/2,1/2,0,0
electric,115,kangaskhan,normal,,1,1,0,0
electric,116,horsea,water,,2,2,0,0
electric,117,seadra,water,,2,2,0,0
electric,118,goldeen,water,,2,2,0,0
electric,119,seaking,water,,2,2,0,0
electric,120,staryu,water,,2,2,0,0
electric,121,starmie,water,psychic,2,2,1,0
electric,122,mr-mime,psychic,,1,1,0,0
electric,123,scyther,bug,flying,2,2,1,0
electric,124,jynx,ice,psychic,1,1,1,0
electric,125,electabuzz,electric,,1/2,1/2,0,0
electric,126,magmar,fire,,1,1,0,0
electric,127,pinsir,bug,,1,1,0,0
electric,128,tauros,normal,,1,1,0,0
electric,129,magikarp,water,,2,2,0,0
electric,130,gyarados,water,flying,4,4,1,0
electric,131,lapras,water,ice,2,2,1,0
electric,132,ditto,normal,,1,1,0,0
electric,133,eevee,normal,,1,1,0,0
electric,134,vaporeon,water,,2,2,0,0
electric,135,jolteon,electric,,1/2,1/2,0,0
electric,136,flareon,fire,,1,1,0,0
electric,137,porygon,normal,,1,1,0,0
electric,138,omanyte,rock,water,2,2,1,0
electric,139,omastar,rock,water,2,2,1,0
electric,140,kabuto,rock,water,2,2,1,0
electric,141,kabutops,rock,water,2,2,1,0
electric,142,aerodactyl,rock,flying,2,2,1,0
electric,143,snorlax,normal,,1,1,0,0
electric,144,articuno,ice,flying,2,2,1,0
electric,145,zapdos,electric,flying,1,1,1,0
electric,146,moltres,fire,flying,2,2,1,0
electric,147,dratini,dragon,,1/2,1/2,0,0
electric,148,dragonair,dragon,,1/2,1/2,0,0
electric,149,dragonite,dragon,flying,1,1,1,0
electric,150,mewtwo,psychic,,1,1,0,0
electric,151,mew,psychic,,1,1,0,0
psychic,1,bulbasaur,grass,poison,2,2,1,0
psychic,2,ivysaur,grass,poison,2,2,1,0
psychic,3,venusaur,grass,poison,2,2,1,0
psychic,4,charmander,fire,,1,1,0,0
psychic,5,charmeleon,fire,,1,1,0,0
psychic,6,charizard,fire,flying,1,1,1,0
psychic,7,squirtle,water,,1,1,0,0
psychic,8,wartortle,water,,1,1,0,0
psychic,9,blastoise,water,,1,1,0,0
psychic,10,caterpie,bug,,1,1,0,0
psychic,11,metapod,bug,,1,1,0,0
psychic,12,butterfree,bug,flying,1,1,1,0
psychic,13,weedle,bug,poison,2,2,1,0
psychic,14,kakuna,bug,poison,2,2,1,0
psychic,15,beedrill,bug,poison,2,2,1,0
psychic,16,pidgey,normal,flying,1,1,1,0
psychic,17,pidgeotto,normal,flying,1,1,1,0
psychic,18,pidgeot,normal,flying,1,1,1,0
psychic,19,rattata,normal,,1,1,0,0
psychic,20,raticate,normal,,1,1,0,0
psychic,21,spearow,normal,flying,1,1,1,0
psychic,22,fearow,normal,flying,1,1,1,0
psychic,23,ekans,poison,,2,2,0,0
psychic,24,arbok,poison,,2,2,0,0
psychic,25,pikachu,electric,,1,1,0,0
psychic,26,raichu,electric,,1,1,0,0
psychic,27,sandshrew,ground,,1,1,0,0
psychic,28,sandslash,ground,,1,1,0,0
psychic,29,nidoran-f,poison,,2,2,0,0
psychic,30,nidorina,poison,,2,2,0,0
psychic,31,nidoqueen,poison,ground,2,2,1,0
psychic,32,nidoran-m,poison,,2,2,0,0
psychic,33,nidorino,poison,,2,2,0,0
psychic,34,nidoking,poison,ground,2,2,1,0
psychic,35,clefairy,normal,,1,1,0,0
psychic,36,clefable,normal,,1,1,0,0
psychic,37,vulpix,fire,,1,1,0,0
psychic,38,ninetales,fire,,1,1,0,0
psychic,39,jigglypuff,normal,,1,1,0,0
psychic,40,wigglytuff,normal,,1,1,0,0
psychic,41,zubat,poison,flying,2,2,1,0
psychic,42,golbat,poison,flying,2,2,1,0
psychic,43,oddish,grass,poison,2,2,1,0
psychic,44,gloom,grass,poison,2,2,1,0
psychic,45,vileplume,grass,poison,2,2,1,0
psychic,46,paras,bug,grass,1,1,1,0
psychic,47,parasect,bug,grass,1,1,1,0
psychic,48,venonat,bug,poison,2,2,1,0
psychic,49,venomoth,bug,poison,2,2,1,0
psychic,50,diglett,ground,,1,1,0,0
psychic,51,dugtrio,ground,,1,1,0,0
psychic,52,meowth,normal,,1,1,0,0
psychic,53,persian,normal,,1,1,0,0
psychic,54,psyduck,water,,1,1,0,0
psychic,55,golduck,water,,1,1,0,0
psychic,56,mankey,fighting,,2,2,0,0
psychic,57,primeape,fighting,,2,2,0,0
psychic,58,growlithe,fire,,1,1,0,0
psychic,59,arcanine,fire,,1,1,0,0
psychic,60,poliwag,water,,1,1,0,0
psychic,61,poliwhirl,water,,1,1,0,0
psychic,62,poliwrath,water,fighting,2,2,1,0
psychic,63,abra,psychic,,1/2,1/2,0,0
psychic,64,kadabra,psychic,,1/2,1/2,0,0
psychic,65,alakazam,psychic,,1/2,1/2,0,0
psychic,66,machop,fighting,,2,2,0,0
psychic,67,machoke,fighting,,2,2,0,0
psychic,68,machamp,fighting,,2,2,0,0
psychic,69,bellsprout,grass,poison,2,2,1,0
psychic,70,weepinbell,grass,poison,2,2,1,0
psychic,71,victreebel,grass,poison,2,2,1,0
psychic,72,tentacool,water,poison,2,2,1,0
psychic,73,tentacruel,water,poison,2,2,1,0
psychic,74,geodude,rock,ground,1,1,1,0
psychic,75,graveler,rock,ground,1,1,1,0
psychic,76,golem,rock,ground,1,1,1,0
psychic,77,ponyta,fire,,1,1,0,0
psychic,78,rapidash,fire,,1,1,0,0
psychic,79,slowpoke,water,psychic,1/2,1/2,1,0
psychic,80,slowbro,water,psychic,1/2,1/2,1,0
psychic,81,magnemite,electric,,1,1,0,0
psychic,82,magneton,electric,,1,1,0,0
psychic,83,farfetchd,normal,flying,1,1,1,0
psychic,84,doduo,normal,flying,1,1,1,0
psychic,85,dodrio,normal,flying,1,1,1,0
psychic,86,seel,water,,1,1,0,0
psychic,87,dewgong,water,ice,1,1,1,0
psychic,88,grimer,poison,,2,2,0,0
psychic,89,muk,poison,,2,2,0,0
psychic,90,shellder,water,,1,1,0,0
psychic,91,cloyster,water,ice,1,1,1,0
psychic,92,gastly,ghost,poison,2,2,1,0
psychic,93,haunter,ghost,poison,2,2,1,0
psychic,94,gengar,ghost,poison,2,2,1,0
psychic,95,onix,rock,ground,1,1,1,0
psychic,96,drowzee,psychic,,1/2,1/2,0,0
psychic,97,hypno,psychic,,1/2,1/2,0,0
psychic,98,krabby,water,,1,1,0,0
psychic,99,kingler,water,,1,1,0,0
psychic,100,voltorb,electric,,1,1,0,0
psychic,101,electrode,electric,,1,1,0,0
psychic,102,exeggcute,grass,psychic,1/2,1/2,1,0
psychic,103,exeggutor,grass,psychic,1/2,1/2,1,0
psychic,104,cubone,ground,,1,1,0,0
psychic,105,marowak,ground,,1,1,0,0
psychic,106,hitmonlee,fighting,,2,2,0,0
psychic,107,hitmonchan,fighting,,2,2,0,0
psychic,108,lickitung,normal,,1,1,0,0
psychic,109,koffing,poison,,2,2,0,0
psychic,110,weezing,poison,,2,2,0,0
psychic,111,rhyhorn,ground,rock,1,1,1,0
psychic,112,rhydon,ground,rock,1,1,1,0
psychic,113,chansey,normal,,1,1,0,0
psychic,114,tangela,grass,,1,1,0,0
psychic,115,kangaskhan,normal,,1,1,0,0
psychic,116,horsea,water,,1,1,0,0
psychic,117,seadra,water,,1,1,0,0
psychic,118,goldeen,water,,1,1,0,0
psychic,119,seaking,water,,1,1,0,0
psychic,120,staryu,water,,1,1,0,0
psychic,121,starmie,water,psychic,1/2,1/2,1,0
psychic,122,mr-mime,psychic,,1/2,1/2,0,0
psychic,123,scyther,bug,flying,1,1,1,0
psychic,124,jynx,ice,psychic,1/2,1/2,1,0
psychic,125,electabuzz,electric,,1,1,0,0
psychic,126,magmar,fire,,1,1,0,0
psychic,127,pinsir,bug,,1,1,0,0
psychic,128,tauros,normal,,1,1,0,0
psychic,129,magikarp,water,,1,1,0,0
psychic,130,gyarados,water,flying,1,1,1,0
psychic,131,lapras,water,ice,1,1,1,0
psychic,132,ditto,normal,,1,1,0,0
psychic,133,eevee,normal,,1,1,0,0
psychic,134,vaporeon,water,,1,1,0,0
psychic,135,jolteon,electric,,1,1,0,0
psychic,136,flareon,fire,,1,1,0,0
psychic,137,porygon,normal,,1,1,0,0
psychic,138,omanyte,rock,water,1,1,1,0
psychic,139,omastar,rock,water,1,1,1,0
psychic,140,kabuto,rock,water,1,1,1,0
psychic,141,kabutops,rock,water,1,1,1,0
psychic,142,aerodactyl,rock,flying,1,1,1,0
psychic,143,snorlax,normal,,1,1,0,0
psychic,144,articuno,ice,flying,1,1,1,0
psychic,145,zapdos,electric,flying,1,1,1,0
psychic,146,moltres,fire,flying,1,1,1,0
psychic,147,dratini,dragon,,1,1,0,0
psychic,148,dragonair,dragon,,1,1,0,0
psychic,149,dragonite,dragon,flying,1,1,1,0
psychic,150,mewtwo,psychic,,1/2,1/2,0,0
psychic,151,mew,psychic,,1/2,1/2,0,0
ice,1,bulbasaur,grass,poison,2,2,1,0
ice,2,ivysaur,grass,poison,2,2,1,0
ice,3,venusaur,grass,poison,2,2,1,0
ice,4,charmander,fire,,1,1/2,0,1
ice,5,charmeleon,fire,,1,1/2,0,1
ice,6,charizard,fire,flying,2,1,1,1
ice,7,squirtle,water,,1/2,1/2,0,0
ice,8,wartortle,water,,1/2,1/2,0,0
ice,9,blastoise,water,,1/2,1/2,0,0
ice,10,caterpie,bug,,1,1,0,0
ice,11,metapod,bug,,1,1,0,0
ice,12,butterfree,bug,flying,2,2,1,0
ice,13,weedle,bug,poison,1,1,1,0
ice,14,kakuna,bug,poison,1,1,1,0
ice,15,beedrill,bug,poison,1,1,1,0
ice,16,pidgey,normal,flying,2,2,1,0
ice,17,pidgeotto,normal,flying,2,2,1,0
ice,18,pidgeot,normal,flying,2,2,1,0
ice,19,rattata,normal,,1,1,0,0
ice,20,raticate,normal,,1,1,0,0
ice,21,spearow,normal,flying,2,2,1,0
ice,22,fearow,normal,flying,2,2,1,0
ice,23,ekans,poison,,1,1,0,0
ice,24,arbok,poison,,1,1,0,0
ice,25,pikachu,electric,,1,1,0,0
ice,26,raichu,electric,,1,1,0,0
ice,27,sandshrew,ground,,2,2,0,0
ice,28,sandslash,ground,,2,2,0,0
ice,29,nidoran-f,poison,,1,1,0,0
ice,30,nidorina,poison,,1,1,0,0
ice,31,nidoqueen,poison,ground,2,2,1,0
ice,32,nidoran-m,poison,,1,1,0,0
ice,33,nidorino,poison,,1,1,0,0
ice,34,nidoking,poison,ground,2,2,1,0
ice,35,clefairy,normal,,1,1,0,0
ice,36,clefable,normal,,1,1,0,0
ice,37,vulpix,fire,,1,1/2,0,1
ice,38,ninetales,fire,,1,1/2,0,1
ice,39,jigglypuff,normal,,1,1,0,0
ice,40,wigglytuff,normal,,1,1,0,0
ice,41,zubat,poison,flying,2,2,1,0
ice,42,golbat,poison,flying,2,2,1,0
ice,43,oddish,grass,poison,2,2,1,0
ice,44,gloom,grass,poison,2,2,1,0
ice,45,vileplume,grass,poison,2,2,1,0
ice,46,paras,bug,grass,2,2,1,0
ice,47,parasect,bug,grass,2,2,1,0
ice,48,venonat,bug,poison,1,1,1,0
ice,49,venomoth,bug,poison,1,1,1,0
ice,50,diglett,ground,,2,2,0,0
ice,51,dugtrio,ground,,2,2,0,0
ice,52,meowth,normal,,1,1,0,0
ice,53,persian,normal,,1,1,0,0
ice,54,psyduck,water,,1/2,1/2,0,0
ice,55,golduck,water,,1/2,1/2,0,0
ice,56,mankey,fighting,,1,1,0,0
ice,57,primeape,fighting,,1,1,0,0
ice,58,growlithe,fire,,1,1/2,0,1
ice,59,arcanine,fire,,1,1/2,0,1
ice,60,poliwag,water,,1/2,1/2,0,0
ice,61,poliwhirl,water,,1/2,1/2,0,0
ice,62,poliwrath,water,fighting,1/2,1/2,1,0
ice,63,abra,psychic,,1,1,0,0
ice,64,kadabra,psychic,,1,1,0,0
ice,65,alakazam,psychic,,1,1,0,0
ice,66,machop,fighting,,1,1,0,0
ice,67,machoke,fighting,,1,1,0,0
ice,68,machamp,fighting,,1,1,0,0
ice,69,bellsprout,grass,poison,2,2,1,0
ice,70,weepinbell,grass,poison,2,2,1,0
ice,71,victreebel,grass,poison,2,2,1,0
ice,72,tentacool,water,poison,1/2,1/2,1,0
ice,73,tentacruel,water,poison,1/2,1/2,1,0
ice,74,geodude,rock,ground,2,2,1,0
ice,75,graveler,rock,ground,2,2,1,0
ice,76,golem,rock,ground,2,2,1,0
ice,77,ponyta,fire,,1,1/2,0,1
ice,78,rapidash,fire,,1,1/2,0,1
ice,79,slowpoke,water,psychic,1/2,1/2,1,0
ice,80,slowbro,water,psychic,1/2,1/2,1,0
ice,81,magnemite,electric,,1,1,0,0
ice,82,magneton,electric,,1,1,0,0
ice,83,farfetchd,normal,flying,2,2,1,0
ice,84,doduo,normal,flying,2,2,1,0
ice,85,dodrio,normal,flying,2,2,1,0
ice,86,seel,water,,1/2,1/2,0,0
ice,87,dewgong,water,ice,1/4,1/4,1,0
ice,88,grimer,poison,,1,1,0,0
ice,89,muk,poison,,1,1,0,0
ice,90,shellder,water,,1/2,1/2,0,0
ice,91,cloyster,water,ice,1/4,1/4,1,0
ice,92,gastly,ghost,poison,1,1,1,0
ice,93,haunter,ghost,poison,1,1,1,0
ice,94,gengar,ghost,poison,1,1,1,0
ice,95,onix,rock,ground,2,2,1,0
ice,96,drowzee,psychic,,1,1,0,0
ice,97,hypno,psychic,,1,1,0,0
ice,98,krabby,water,,1/2,1/2,0,0
ice,99,kingler,water,,1/2,1/2,0,0
ice,100,voltorb,electric,,1,1,0,0
ice,101,electrode,electric,,1,1,0,0
ice,102,exeggcute,grass,psychic,2,2,1,0
ice,103,exeggutor,grass,psychic,2,2,1,0
ice,104,cubone,ground,,2,2,0,0
ice,105,marowak,ground,,2,2,0,0
ice,106,hitmonlee,fighting,,1,1,0,0
ice,107,hitmonchan,fighting,,1,1,0,0
ice,108,lickitung,normal,,1,1,0,0
ice,109,koffing,poison,,1,1,0,0
ice,110,weezing,poison,,1,1,0,0
ice,111,rhyhorn,ground,rock,2,2,1,0
ice,112,rhydon,ground,rock,2,2,1,0
ice,113,chansey,normal,,1,1,0,0
ice,114,tangela,grass,,2,2,0,0
ice,115,kangaskhan,normal,,1,1,0,0
ice,116,horsea,water,,1/2,1/2,0,0
ice,117,seadra,water,,1/2,1/2,0,0
ice,118,goldeen,water,,1/2,1/2,0,0
ice,119,seaking,water,,1/2,1/2,0,0
ice,120,staryu,water,,1/2,1/2,0,0
ice,121,starmie,water,psychic,1/2,1/2,1,0
ice,122,mr-mime,psychic,,1,1,0,0
ice,123,scyther,bug,flying,2,2,1,0
ice,124,jynx,ice,psychic,1/2,1/2,1,0
ice,125,electabuzz,electric,,1,1,0,0
ice,126,magmar,fire,,1,1/2,0,1
ice,127,pinsir,bug,,1,1,0,0
ice,128,tauros,normal,,1,1,0,0
ice,129,magikarp,water,,1/2,1/2,0,0
ice,130,gyarados,water,flying,1,1,1,0
ice,131,lapras,water,ice,1/4,1/4,1,0
ice,132,ditto,normal,,1,1,0,0
ice,133,eevee,normal,,1,1,0,0
ice,134,vaporeon,water,,1/2,1/2,0,0
ice,135,jolteon,electric,,1,1,0,0
ice,136,flareon,fire,,1,1/2,0,1
ice,137,porygon,normal,,1,1,0,0
ice,138,omanyte,rock,water,1/2,1/2,1,0
ice,139,omastar,rock,water,1/2,1/2,1,0
ice,140,kabuto,rock,water,1/2,1/2,1,0
ice,141,kabutops,rock,water,1/2,1/2,1,0
ice,142,aerodactyl,rock,flying,2,2,1,0
ice,143,snorlax,normal,,1,1,0,0
ice,144,articuno,ice,flying,1,1,1,0
ice,145,zapdos,electric,flying,2,2,1,0
ice,146,moltres,fire,flying,2,1,1,1
ice,147,dratini,dragon,,2,2,0,0
ice,148,dragonair,dragon,,2,2,0,0
ice,149,dragonite,dragon,flying,4,4,1,0
ice,150,mewtwo,psychic,,1,1,0,0
ice,151,mew,psychic,,1,1,0,0
dragon,1,bulbasaur,grass,poison,1,1,1,0
dragon,2,ivysaur,grass,poison,1,1,1,0
dragon,3,venusaur,grass,poison,1,1,1,0
dragon,4,charmander,fire,,1,1,0,0
dragon,5,charmeleon,fire,,1,1,0,0
dragon,6,charizard,fire,flying,1,1,1,0
dragon,7,squirtle,water,,1,1,0,0
dragon,8,wartortle,water,,1,1,0,0
dragon,9,blastoise,water,,1,1,0,0
dragon,10,caterpie,bug,,1,1,0,0
dragon,11,metapod,bug,,1,1,0,0
dragon,12,butterfree,bug,flying,1,1,1,0
dragon,13,weedle,bug,poison,1,1,1,0
dragon,14,kakuna,bug,poison,1,1,1,0
dragon,15,beedrill,bug,poison,1,1,1,0
dragon,16,pidgey,normal,flying,1,1,1,0
dragon,17,pidgeotto,normal,flying,1,1,1,0
dragon,18,pidgeot,normal,flying,1,1,1,0
dragon,19,rattata,normal,,1,1,0,0
dragon,20,raticate,normal,,1,1,0,0
dragon,21,spearow,normal,flying,1,1,1,0
dragon,22,fearow,normal,flying,1,1,1,0
dragon,23,ekans,poison,,1,1,0,0
dragon,24,arbok,poison,,1,1,0,0
dragon,25,pikachu,electric,,1,1,0,0
dragon,26,raichu,electric,,1,1,0,0
dragon,27,sandshrew,ground,,1,1,0,0
dragon,28,sandslash,ground,,1,1,0,0
dragon,29,nidoran-f,poison,,1,1,0,0
dragon,30,nidorina,poison,,1,1,0,0
dragon,31,nidoqueen,poison,ground,1,1,1,0
dragon,32,nidoran-m,poison,,1,1,0,0
dragon,33,nidorino,poison,,1,1,0,0
dragon,34,nidoking,poison,ground,1,1,1,0
dragon,35,clefairy,normal,,1,1,0,0
dragon,36,clefable,normal,,1,1,0,0
dragon,37,vulpix,fire,,1,1,0,0
dragon,38,ninetales,fire,,1,1,0,0
dragon,39,jigglypuff,normal,,1,1,0,0
dragon,40,wigglytuff,normal,,1,1,0,0
dragon,41,zubat,poison,flying,1,1,1,0
dragon,42,golbat,poison,flying,1,1,1,0
dragon,43,oddish,grass,poison,1,1,1,0
dragon,44,gloom,grass,poison,1,1,1,0
dragon,45,vileplume,grass,poison,1,1,1,0
dragon,46,paras,bug,grass,1,1,1,0
dragon,47,parasect,bug,grass,1,1,1,0
dragon,48,venonat,bug,poison,1,1,1,0
dragon,49,venomoth,bug,poison,1,1,1,0
dragon,50,diglett,ground,,1,1,0,0
dragon,51,dugtrio,ground,,1,1,0,0
dragon,52,meowth,normal,,1,1,0,0
dragon,53,persian,normal,,1,1,0,0
dragon,54,psyduck,water,,1,1,0,0
dragon,55,golduck,water,,1,1,0,0
dragon,56,mankey,fighting,,1,1,0,0
dragon,57,primeape,fighting,,1,1,0,0
dragon,58,growlithe,fire,,1,1,0,0
dragon,59,arcanine,fire,,1,1,0,0
dragon,60,poliwag,water,,1,1,0,0
dragon,61,poliwhirl,water,,1,1,0,0
dragon,62,poliwrath,water,fighting,1,1,1,0
dragon,63,abra,psychic,,1,1,0,0
dragon,64,kadabra,psychic,,1,1,0,0
dragon,65,alakazam,psychic,,1,1,0,0
dragon,66,machop,fighting,,1,1,0,0
dragon,67,machoke,fighting,,1,1,0,0
dragon,68,machamp,fighting,,1,1,0,0
dragon,69,bellsprout,grass,poison,1,1,1,0
dragon,70,weepinbell,grass,poison,1,1,1,0
dragon,71,victreebel,grass,poison,1,1,1,0
dragon,72,tentacool,water,poison,1,1,1,0
dragon,73,tentacruel,water,poison,1,1,1,0
dragon,74,geodude,rock,ground,1,1,1,0
dragon,75,graveler,rock,ground,1,1,1,0
dragon,76,golem,rock,ground,1,1,1,0
dragon,77,ponyta,fire,,1,1,0,0
dragon,78,rapidash,fire,,1,1,0,0
dragon,79,slowpoke,water,psychic,1,1,1,0
dragon,80,slowbro,water,psychic,1,1,1,0
dragon,81,magnemite,electric,,1,1,0,0
dragon,82,magneton,electric,,1,1,0,0
dragon,83,farfetchd,normal,flying,1,1,1,0
dragon,84,doduo,normal,flying,1,1,1,0
dragon,85,dodrio,normal,flying,1,1,1,0
dragon,86,seel,water,,1,1,0,0
dragon,87,dewgong,water,ice,1,1,1,0
dragon,88,grimer,poison,,1,1,0,0
dragon,89,muk,poison,,1,1,0,0
dragon,90,shellder,water,,1,1,0,0
dragon,91,cloyster,water,ice,1,1,1,0
dragon,92,gastly,ghost,poison,1,1,1,0
dragon,93,haunter,ghost,poison,1,1,1,0
dragon,94,gengar,ghost,poison,1,1,1,0
dragon,95,onix,rock,ground,1,1,1,0
dragon,96,drowzee,psychic,,1,1,0,0
dragon,97,hypno,psychic,,1,1,0,0
dragon,98,krabby,water,,1,1,0,0
dragon,99,kingler,water,,1,1,0,0
dragon,100,voltorb,electric,,1,1,0,0
dragon,101,electrode,electric,,1,1,0,0
dragon,102,exeggcute,grass,psychic,1,1,1,0
dragon,103,exeggutor,grass,psychic,1,1,1,0
dragon,104,cubone,ground,,1,1,0,0
dragon,105,marowak,ground,,1,1,0,0
dragon,106,hitmonlee,fighting,,1,1,0,0
dragon,107,hitmonchan,fighting,,1,1,0,0
dragon,108,lickitung,normal,,1,1,0,0
dragon,109,koffing,poison,,1,1,0,0
dragon,110,weezing,poison,,1,1,0,0
dragon,111,rhyhorn,ground,rock,1,1,1,0
dragon,112,rhydon,ground,rock,1,1,1,0
dragon,113,chansey,normal,,1,1,0,0
dragon,114,tangela,grass,,1,1,0,0
dragon,115,kangaskhan,normal,,1,1,0,0
dragon,116,horsea,water,,1,1,0,0
dragon,117,seadra,water,,1,1,0,0
dragon,118,goldeen,water,,1,1,0,0
dragon,119,seaking,water,,1,1,0,0
dragon,120,staryu,water,,1,1,0,0
dragon,121,starmie,water,psychic,1,1,1,0
dragon,122,mr-mime,psychic,,1,1,0,0
dragon,123,scyther,bug,flying,1,1,1,0
dragon,124,jynx,ice,psychic,1,1,1,0
dragon,125,electabuzz,electric,,1,1,0,0
dragon,126,magmar,fire,,1,1,0,0
dragon,127,pinsir,bug,,1,1,0,0
dragon,128,tauros,normal,,1,1,0,0
dragon,129,magikarp,water,,1,1,0,0
dragon,130,gyarados,water,flying,1,1,1,0
dragon,131,lapras,water,ice,1,1,1,0
dragon,132,ditto,normal,,1,1,0,0
dragon,133,eevee,normal,,1,1,0,0
dragon,134,vaporeon,water,,1,1,0,0
dragon,135,jolteon,electric,,1,1,0,0
dragon,136,flareon,fire,,1,1,0,0
dragon,137,porygon,normal,,1,1,0,0
dragon,138,omanyte,rock,water,1,1,1,0
dragon,139,omastar,rock,water,1,1,1,0
dragon,140,kabuto,rock,water,1,1,1,0
dragon,141,kabutops,rock,water,1,1,1,0
dragon,142,aerodactyl,rock,flying,1,1,1,0
dragon,143,snorlax,normal,,1,1,0,0
dragon,144,articuno,ice,flying,1,1,1,0
dragon,145,zapdos,electric,flying,1,1,1,0
dragon,146,moltres,fire,flying,1,1,1,0
dragon,147,dratini,dragon,,2,2,0,0
dragon,148,dragonair,dragon,,2,2,0,0
dragon,149,dragonite,dragon,flying,2,2,1,0
dragon,150,mewtwo,psychic,,1,1,0,0
dragon,151,mew,psychic,,1,1,0,0
